customer_id,country,device_type,is_prime_member,lifetime_orders,risk_segment,phish_messages,has_phishing_history,interactions_clicked_link,interactions_entered_credentials,interactions_ignored,interactions_opened,interactions_reported_as_phish,suspicious_login_events,suspicious_logins_after_phish,orders_total_value,orders_avg_value,orders_cnt,fraud_orders_after_phish,incident_count
C100000,US,mobile,False,33,low,21,True,1,0,10,12,1,0.0,0.0,19.99,19.99,1,0.0,0.0
C100001,UK,web,False,20,low,19,True,1,0,6,13,5,0.0,0.0,9.99,9.99,1,0.0,0.0
C100002,ES,mobile,False,12,low,18,True,1,0,4,16,1,0.0,0.0,12.99,12.99,1,0.0,0.0
C100003,UK,mobile,True,23,medium,20,True,4,0,5,12,1,0.0,0.0,300.96000000000004,75.24000000000001,4,0.0,0.0
C100004,UK,mobile,True,8,low,21,True,2,0,4,16,1,0.0,0.0,112.97,37.656666666666666,3,0.0,0.0
C100005,BR,mobile,False,15,low,15,True,4,1,2,14,0,0.0,0.0,12.99,12.99,1,0.0,0.0
C100006,IN,web,False,12,low,25,True,1,0,10,13,3,0.0,0.0,24.99,24.99,1,0.0,0.0
C100007,IN,web,False,27,medium,20,True,4,0,5,15,1,0.0,0.0,399.94000000000005,66.65666666666668,6,0.0,0.0
C100008,DE,web,False,1,low,16,True,2,0,6,10,0,0.0,0.0,249.99,249.99,1,0.0,0.0
C100009,AU,mobile,True,59,medium,25,True,4,0,5,23,0,0.0,0.0,483.97,120.9925,4,0.0,0.0
C100010,DE,web,True,54,medium,24,True,4,0,6,14,3,0.0,0.0,124.97,41.656666666666666,3,0.0,0.0
C100011,UK,both,False,29,medium,23,True,3,1,6,19,3,0.0,0.0,80.95,16.19,5,0.0,0.0
C100012,FR,mobile,False,42,medium,20,True,4,1,8,15,0,1.0,1.0,309.97,103.32333333333334,3,0.0,1.0
C100013,UK,mobile,True,69,high,25,True,4,0,7,20,2,0.0,0.0,62.97,20.99,3,0.0,1.0
C100014,CA,both,True,9,low,22,True,7,1,5,18,2,0.0,0.0,37.98,18.99,2,0.0,0.0
C100015,IN,mobile,True,7,low,19,True,3,0,2,15,2,0.0,0.0,279.98,139.99,2,0.0,0.0
C100016,FR,both,True,35,medium,15,True,3,2,4,10,2,1.0,1.0,2827.98,706.995,4,2.0,3.0
C100017,US,both,True,8,medium,14,True,3,2,1,12,3,1.0,1.0,174.98000000000002,87.49000000000001,2,0.0,1.0
C100018,UK,mobile,True,44,medium,15,True,4,0,1,13,1,0.0,0.0,119.97999999999999,59.989999999999995,2,0.0,0.0
C100019,US,both,False,6,low,16,True,1,0,3,9,3,0.0,0.0,199.97,66.65666666666667,3,0.0,0.0
C100020,UK,mobile,True,55,medium,21,True,3,1,3,14,2,0.0,0.0,34.98,17.49,2,0.0,0.0
C100021,CA,mobile,False,5,low,21,True,2,0,4,18,2,0.0,0.0,294.97,98.32333333333334,3,0.0,0.0
C100022,UK,mobile,True,33,medium,22,True,2,1,4,16,2,1.0,1.0,202.97000000000003,67.65666666666668,3,0.0,1.0
C100023,IN,web,True,5,medium,20,True,4,0,3,16,3,0.0,0.0,9.99,9.99,1,0.0,0.0
C100024,US,both,False,19,medium,28,True,5,1,7,20,7,1.0,1.0,1108.98,369.66,3,1.0,2.0
C100025,US,both,True,30,medium,20,True,3,1,4,18,2,0.0,0.0,571.96,114.39200000000001,5,0.0,0.0
C100026,FR,mobile,False,25,low,18,True,3,0,1,18,1,0.0,0.0,39.99,39.99,1,0.0,0.0
C100027,UK,both,True,45,high,27,True,5,0,1,23,2,0.0,0.0,534.92,66.865,8,0.0,1.0
C100028,IN,mobile,False,19,low,16,True,1,0,5,12,0,0.0,0.0,99.99,99.99,1,0.0,0.0
C100029,FR,mobile,True,52,high,21,True,0,0,2,16,4,0.0,0.0,164.95999999999998,41.239999999999995,4,0.0,0.0
C100030,IN,web,False,7,low,23,True,3,1,6,19,3,1.0,1.0,419.97,139.99,3,0.0,1.0
C100031,FR,web,True,38,medium,14,True,1,0,2,11,1,0.0,0.0,284.95,56.989999999999995,5,0.0,0.0
C100032,UK,mobile,True,38,medium,24,True,0,0,3,19,2,0.0,0.0,429.96000000000004,107.49000000000001,4,0.0,0.0
C100033,ES,mobile,False,14,low,15,True,1,0,6,8,1,0.0,0.0,22.98,11.49,2,0.0,0.0
C100034,US,mobile,False,27,low,20,True,1,0,7,10,1,0.0,0.0,1528.99,764.495,2,0.0,0.0
C100035,US,both,True,20,medium,26,True,4,0,7,16,5,0.0,0.0,129.96,32.49,4,0.0,0.0
C100036,US,mobile,True,52,medium,15,True,0,0,3,10,2,0.0,0.0,139.98,69.99,2,0.0,0.0
C100037,FR,mobile,False,12,low,27,True,1,0,9,17,0,0.0,0.0,89.97,29.99,3,0.0,0.0
C100038,US,web,True,47,medium,15,True,2,1,2,14,1,1.0,1.0,359.97,119.99000000000001,3,0.0,1.0
C100039,US,both,True,32,medium,16,True,1,0,5,9,1,0.0,0.0,94.97,31.656666666666666,3,0.0,0.0
C100040,IN,mobile,False,18,low,22,True,0,0,9,11,3,0.0,0.0,79.99,79.99,1,0.0,0.0
C100041,IN,mobile,False,5,low,10,True,0,0,1,8,2,0.0,0.0,229.98000000000002,114.99000000000001,2,0.0,0.0
C100042,MX,mobile,False,27,low,24,True,1,0,8,17,1,0.0,0.0,42.98,21.49,2,0.0,1.0
C100043,US,mobile,True,5,low,18,True,3,0,5,13,2,0.0,0.0,259.98,129.99,2,0.0,0.0
C100044,DE,both,True,6,medium,25,True,5,0,5,17,2,0.0,0.0,69.98,34.99,2,0.0,0.0
C100045,AU,mobile,False,31,medium,32,True,3,0,8,18,3,0.0,0.0,1048.96,209.792,5,0.0,0.0
C100046,UK,web,True,26,medium,14,True,1,0,2,12,0,0.0,0.0,84.97,28.323333333333334,3,0.0,0.0
C100047,UK,mobile,True,68,medium,13,True,2,0,8,9,1,0.0,0.0,59.97,19.99,3,0.0,0.0
C100048,US,web,False,15,low,20,True,0,0,4,14,3,0.0,0.0,279.98,139.99,2,0.0,0.0
C100049,FR,mobile,False,17,low,19,True,3,1,4,11,1,1.0,1.0,37.98,18.99,2,0.0,1.0
C100050,US,both,False,15,low,22,True,4,0,8,14,3,0.0,0.0,9.99,9.99,1,0.0,0.0
C100051,IN,mobile,False,3,low,16,True,2,0,2,10,1,0.0,0.0,229.98000000000002,114.99000000000001,2,0.0,0.0
C100052,DE,mobile,True,48,medium,17,True,5,1,3,14,2,1.0,1.0,199.97,66.65666666666667,3,0.0,1.0
C100053,US,both,True,29,medium,12,True,3,0,3,10,1,0.0,0.0,778.9200000000001,86.54666666666668,9,0.0,0.0
C100054,MX,both,False,4,low,24,True,3,0,7,19,2,0.0,0.0,179.99,179.99,1,0.0,0.0
C100055,US,mobile,True,11,low,18,True,1,0,5,13,1,0.0,0.0,62.980000000000004,31.490000000000002,2,0.0,0.0
C100056,CA,both,False,22,medium,20,True,1,0,8,9,1,0.0,0.0,59.980000000000004,29.990000000000002,2,0.0,0.0
C100057,MX,mobile,False,31,medium,11,True,0,0,3,12,0,0.0,0.0,102.97,34.32333333333333,3,0.0,0.0
C100058,UK,both,True,69,high,15,True,3,1,5,13,2,1.0,1.0,207.94,34.656666666666666,6,0.0,1.0
C100059,IN,mobile,True,52,medium,18,True,3,0,9,10,3,0.0,0.0,1199.0,1199.0,1,0.0,0.0
C100060,AU,mobile,True,3,medium,18,True,1,0,6,11,3,0.0,0.0,314.96000000000004,78.74000000000001,4,0.0,0.0
C100061,ES,mobile,False,10,low,21,True,2,0,10,14,0,0.0,0.0,62.980000000000004,31.490000000000002,2,0.0,0.0
C100062,IN,both,True,17,medium,32,True,4,1,4,26,7,0.0,0.0,37.98,18.99,2,0.0,0.0
C100063,DE,both,True,19,low,16,True,0,0,1,15,1,0.0,0.0,69.98,34.99,2,0.0,0.0
C100064,BR,web,False,26,medium,19,True,2,0,3,15,5,0.0,0.0,52.980000000000004,26.490000000000002,2,0.0,0.0
C100065,US,mobile,True,11,low,23,True,2,0,8,11,2,0.0,0.0,1331.97,332.9925,4,0.0,0.0
C100066,US,web,True,42,medium,27,True,5,1,7,19,4,1.0,1.0,1023.98,341.32666666666665,3,1.0,2.0
C100067,US,mobile,False,12,low,13,True,1,0,6,10,2,0.0,0.0,192.98000000000002,96.49000000000001,2,0.0,0.0
C100068,US,both,False,10,low,18,True,1,0,6,15,3,0.0,0.0,169.98000000000002,84.99000000000001,2,0.0,0.0
C100069,DE,both,True,33,medium,24,True,3,1,5,13,3,1.0,1.0,84.96,21.24,4,0.0,1.0
C100070,US,web,True,11,low,31,True,3,1,5,26,3,1.0,1.0,39.99,39.99,1,0.0,1.0
C100071,US,mobile,True,65,high,24,True,3,0,4,21,3,0.0,0.0,958.98,319.66,3,0.0,1.0
C100072,US,both,False,18,low,19,True,2,0,9,14,0,0.0,0.0,54.98,27.49,2,0.0,1.0
C100073,DE,web,False,21,low,11,True,1,1,5,6,2,1.0,1.0,239.96,59.99,4,0.0,1.0
C100074,US,mobile,False,17,low,17,True,1,0,5,7,4,0.0,0.0,1223.99,611.995,2,0.0,0.0
C100075,US,mobile,False,25,low,19,True,1,0,9,9,1,0.0,0.0,59.980000000000004,29.990000000000002,2,0.0,0.0
C100076,US,both,True,22,medium,24,True,5,0,6,18,2,0.0,0.0,19.99,19.99,1,0.0,0.0
C100077,IN,mobile,False,29,medium,17,True,1,0,2,12,3,0.0,0.0,224.97000000000003,74.99000000000001,3,0.0,0.0
C100078,US,mobile,True,14,low,23,True,3,0,5,15,2,0.0,0.0,229.98000000000002,114.99000000000001,2,0.0,1.0
C100079,IN,mobile,True,8,low,17,True,2,0,5,13,1,0.0,0.0,87.97,29.323333333333334,3,0.0,0.0
C100080,IN,both,False,4,low,17,True,1,0,5,9,2,0.0,0.0,49.97,16.656666666666666,3,0.0,0.0
C100081,CA,mobile,True,10,low,22,True,1,0,7,11,1,0.0,0.0,74.98,37.49,2,0.0,0.0
C100082,IN,mobile,False,7,low,16,True,1,0,4,12,1,0.0,0.0,29.99,29.99,1,0.0,1.0
C100083,DE,mobile,False,8,medium,25,True,3,0,3,26,5,0.0,0.0,82.97,27.656666666666666,3,0.0,0.0
C100084,AU,mobile,True,46,high,30,True,6,0,5,19,4,0.0,0.0,899.9000000000001,89.99000000000001,10,0.0,0.0
C100085,IN,web,True,21,medium,17,True,4,1,4,16,2,1.0,1.0,84.96,21.24,4,0.0,1.0
C100086,US,web,False,26,low,20,True,2,0,6,12,2,0.0,0.0,19.99,19.99,1,0.0,0.0
C100087,CA,web,True,28,medium,19,True,1,1,4,14,4,1.0,1.0,349.97,116.65666666666668,3,1.0,2.0
C100088,US,web,True,37,medium,21,True,5,1,2,15,2,0.0,0.0,90.96,22.74,4,0.0,1.0
C100089,CA,mobile,True,51,medium,25,True,6,1,7,18,3,1.0,1.0,22.98,11.49,2,0.0,1.0
C100090,FR,mobile,True,25,medium,21,True,3,0,6,18,7,0.0,0.0,182.96,45.74,4,0.0,0.0
C100091,US,web,True,12,medium,18,True,5,0,3,16,1,0.0,0.0,99.97,33.32333333333333,3,0.0,0.0
C100092,CA,mobile,False,21,medium,12,True,2,0,3,10,0,0.0,0.0,210.93,30.132857142857144,7,0.0,1.0
C100093,UK,web,True,21,medium,20,True,2,1,1,17,2,1.0,1.0,29.99,29.99,1,0.0,1.0
C100094,US,mobile,False,2,low,16,True,4,1,5,9,0,1.0,1.0,9.99,9.99,1,0.0,1.0
C100095,BR,mobile,True,13,medium,21,True,5,0,3,16,1,0.0,0.0,94.97,31.656666666666666,3,0.0,0.0
C100096,DE,mobile,True,62,medium,23,True,2,0,5,14,5,0.0,0.0,82.96000000000001,20.740000000000002,4,0.0,0.0
C100097,US,mobile,False,40,medium,16,True,1,0,1,12,1,0.0,0.0,109.97,36.656666666666666,3,0.0,0.0
C100098,AU,mobile,False,10,low,13,True,1,0,2,10,1,0.0,0.0,99.98,49.99,2,0.0,0.0
C100099,FR,mobile,False,21,low,19,True,0,0,7,15,5,0.0,0.0,9.99,9.99,1,0.0,0.0
C100100,US,mobile,False,13,low,17,True,3,0,5,14,1,0.0,0.0,19.99,19.99,1,0.0,0.0
C100101,IN,web,True,18,medium,21,True,1,0,7,16,3,0.0,0.0,69.97,23.323333333333334,3,0.0,1.0
C100102,IN,mobile,False,16,low,19,True,3,0,8,14,2,0.0,0.0,1548.99,774.495,2,0.0,0.0
C100103,BR,mobile,False,9,low,16,True,3,0,5,16,0,0.0,0.0,79.99,79.99,1,0.0,0.0
C100104,ES,web,False,18,low,27,True,1,0,10,15,1,0.0,0.0,202.96,50.74,4,0.0,0.0
C100105,DE,web,True,33,medium,20,True,2,0,3,15,5,0.0,0.0,149.98,74.99,2,0.0,0.0
C100106,UK,mobile,False,25,medium,20,True,2,0,5,12,3,0.0,0.0,12.99,12.99,1,0.0,0.0
C100107,IN,mobile,False,30,low,26,True,2,0,10,14,3,0.0,0.0,9.99,9.99,1,0.0,0.0
C100108,US,mobile,False,20,low,33,True,4,0,13,21,3,0.0,0.0,54.98,27.49,2,0.0,0.0
C100109,UK,web,True,21,medium,18,True,2,0,4,13,1,0.0,0.0,39.98,19.99,2,0.0,1.0
C100110,MX,both,True,13,medium,23,True,5,1,3,18,4,0.0,0.0,19.99,19.99,1,0.0,1.0
C100111,UK,mobile,True,5,low,23,True,1,0,8,16,3,0.0,0.0,204.97000000000003,68.32333333333334,3,0.0,0.0
C100112,UK,mobile,True,5,low,12,True,0,0,5,8,2,0.0,0.0,89.99,89.99,1,0.0,0.0
C100113,US,web,True,35,medium,14,True,2,0,7,7,0,0.0,0.0,37.98,18.99,2,0.0,0.0
C100114,DE,web,True,57,medium,19,True,1,0,9,12,3,0.0,0.0,94.97,31.656666666666666,3,0.0,0.0
C100115,US,web,True,40,medium,21,True,6,2,4,17,1,1.0,1.0,1213.96,242.792,5,1.0,2.0
C100116,UK,web,False,6,low,21,True,5,3,7,17,2,0.0,0.0,47.97,15.99,3,0.0,0.0
C100117,US,mobile,True,51,high,16,True,4,0,3,15,2,0.0,0.0,1571.97,392.9925,4,0.0,0.0
C100118,IN,both,True,13,medium,24,True,3,0,6,21,1,0.0,0.0,49.99,49.99,1,0.0,0.0
C100119,US,both,False,19,low,17,True,2,0,1,11,2,0.0,0.0,129.97,43.32333333333333,3,0.0,0.0
C100120,FR,web,False,37,medium,15,True,3,0,5,15,0,0.0,0.0,29.99,29.99,1,0.0,0.0
C100121,US,web,False,15,low,25,True,4,0,6,20,2,0.0,0.0,134.96,33.74,4,0.0,0.0
C100122,US,both,True,7,medium,13,True,1,0,2,9,1,0.0,0.0,179.98000000000002,89.99000000000001,2,0.0,0.0
C100123,US,web,True,7,low,12,True,3,0,3,12,1,0.0,0.0,39.99,39.99,1,0.0,0.0
C100124,UK,mobile,False,8,low,23,True,2,0,7,18,4,0.0,0.0,129.98,64.99,2,0.0,0.0
C100125,US,mobile,True,42,medium,17,True,3,0,6,16,2,0.0,0.0,631.94,90.27714285714286,7,0.0,0.0
C100126,US,web,False,16,low,19,True,3,0,5,15,0,0.0,0.0,179.99,179.99,1,0.0,0.0
C100127,IN,both,False,1,low,24,True,2,0,7,17,3,0.0,0.0,189.98000000000002,94.99000000000001,2,0.0,1.0
C100128,BR,both,False,11,low,22,True,2,0,9,14,1,0.0,0.0,19.99,19.99,1,0.0,0.0
C100129,US,both,False,33,medium,25,True,3,0,6,16,0,0.0,0.0,39.99,39.99,1,0.0,0.0
C100130,UK,web,True,33,medium,17,True,2,0,4,13,0,0.0,0.0,162.97000000000003,54.323333333333345,3,0.0,0.0
C100131,IN,mobile,False,8,low,25,True,1,0,5,15,4,0.0,0.0,319.97,106.65666666666668,3,0.0,0.0
C100132,US,mobile,True,21,medium,13,True,3,0,1,12,1,0.0,0.0,252.96,63.24,4,0.0,1.0
C100133,US,both,True,15,medium,28,True,6,0,8,17,3,0.0,0.0,119.97,39.99,3,0.0,1.0
C100134,FR,web,False,30,low,19,True,3,0,8,11,3,0.0,0.0,79.99,79.99,1,0.0,0.0
C100135,US,web,True,14,medium,19,True,3,1,7,11,3,1.0,1.0,644.95,128.99,5,1.0,2.0
C100136,US,web,True,40,medium,23,True,3,0,6,14,2,0.0,0.0,189.98000000000002,94.99000000000001,2,0.0,1.0
C100137,BR,both,True,11,medium,17,True,1,0,4,15,5,0.0,0.0,68.96000000000001,17.240000000000002,4,0.0,0.0
C100138,CA,mobile,True,12,low,20,True,1,0,9,12,4,0.0,0.0,272.97,90.99000000000001,3,0.0,0.0
C100139,IN,both,True,3,low,21,True,3,0,4,17,2,0.0,0.0,49.98,24.99,2,0.0,0.0
C100140,US,mobile,False,25,medium,20,True,4,1,8,15,0,1.0,1.0,1787.97,357.594,5,0.0,1.0
C100141,US,mobile,True,22,medium,17,True,2,0,4,12,2,0.0,0.0,309.97,103.32333333333334,3,0.0,1.0
C100142,US,mobile,True,16,low,20,True,1,0,4,13,5,0.0,0.0,64.98,32.49,2,0.0,1.0
C100143,US,both,True,9,medium,25,True,4,1,8,15,3,1.0,1.0,1793.97,448.4925,4,1.0,2.0
C100144,DE,mobile,False,26,medium,26,True,2,1,5,22,2,1.0,1.0,642.9100000000001,71.43444444444445,9,0.0,1.0
C100145,US,mobile,False,9,low,17,True,1,0,5,9,4,0.0,0.0,29.99,29.99,1,0.0,0.0
C100146,US,mobile,False,14,low,15,True,2,0,2,12,2,0.0,0.0,109.96,27.49,4,0.0,0.0
C100147,US,both,False,17,low,18,True,2,0,4,13,2,0.0,0.0,142.98000000000002,71.49000000000001,2,0.0,1.0
C100148,US,mobile,True,40,medium,32,True,4,0,3,27,3,0.0,0.0,109.97,36.656666666666666,3,0.0,0.0
C100149,IN,web,False,16,low,13,True,1,0,3,13,2,0.0,0.0,87.97,29.323333333333334,3,0.0,0.0
C100150,US,both,True,46,medium,21,True,4,0,6,13,1,0.0,0.0,539.94,89.99000000000001,6,0.0,0.0
C100151,AU,mobile,False,17,low,19,True,1,0,4,14,1,0.0,0.0,448.99,224.495,2,0.0,1.0
C100152,US,mobile,False,28,low,20,True,3,2,5,17,2,0.0,0.0,209.98000000000002,104.99000000000001,2,0.0,0.0
C100153,IN,web,False,12,low,19,True,1,0,9,13,1,0.0,0.0,42.98,21.49,2,0.0,1.0
C100154,DE,web,False,5,low,22,True,2,0,7,14,2,0.0,0.0,79.99,79.99,1,0.0,0.0
C100155,US,web,True,65,high,18,True,2,0,4,12,2,0.0,0.0,229.97000000000003,76.65666666666668,3,0.0,0.0
C100156,US,mobile,True,54,medium,18,True,1,0,4,9,3,0.0,0.0,199.97000000000003,66.65666666666668,3,0.0,0.0
C100157,MX,mobile,False,9,low,20,True,0,0,10,15,1,0.0,0.0,112.97,37.656666666666666,3,0.0,0.0
C100158,IN,both,False,25,medium,19,True,2,0,3,16,1,0.0,0.0,234.95999999999998,58.739999999999995,4,0.0,0.0
C100159,ES,mobile,True,62,high,28,True,3,1,6,18,6,1.0,1.0,232.94,38.82333333333333,6,0.0,1.0
C100160,US,mobile,False,34,medium,14,True,1,0,6,12,2,0.0,0.0,69.98,34.99,2,0.0,0.0
C100161,UK,mobile,False,29,medium,16,True,2,0,1,11,2,0.0,0.0,72.97,24.323333333333334,3,0.0,0.0
C100162,US,web,True,31,medium,21,True,3,0,5,15,3,0.0,0.0,89.98,44.99,2,0.0,0.0
C100163,ES,web,False,27,low,23,True,4,0,6,18,1,0.0,0.0,49.96,12.49,4,0.0,0.0
C100164,CA,web,False,33,medium,13,True,1,0,3,9,4,0.0,0.0,249.99,249.99,1,0.0,0.0
C100165,US,web,True,19,low,18,True,1,0,4,12,2,0.0,0.0,9.99,9.99,1,0.0,0.0
C100166,FR,web,True,30,medium,20,True,2,0,6,12,3,0.0,0.0,12.99,12.99,1,0.0,1.0
C100167,CA,both,False,7,low,23,True,4,0,8,14,0,0.0,0.0,104.97999999999999,52.489999999999995,2,0.0,1.0
C100168,US,mobile,False,9,low,15,True,0,0,5,8,3,0.0,0.0,229.98000000000002,114.99000000000001,2,0.0,0.0
C100169,US,web,True,40,medium,23,True,5,1,4,16,3,1.0,1.0,938.99,469.495,2,1.0,2.0
C100170,CA,mobile,False,32,medium,21,True,6,1,5,19,0,0.0,0.0,74.98,37.49,2,0.0,0.0
C100171,US,both,True,55,medium,19,True,0,0,3,13,1,0.0,0.0,97.96,24.49,4,0.0,0.0
C100172,US,web,True,11,low,19,True,1,0,7,12,2,0.0,0.0,329.98,164.99,2,0.0,0.0
C100173,AU,mobile,False,13,low,14,True,1,0,3,14,2,0.0,0.0,109.96000000000001,27.490000000000002,4,0.0,0.0
C100174,US,web,True,35,medium,22,True,6,0,8,15,1,0.0,0.0,179.98,89.99,2,0.0,0.0
C100175,US,web,True,26,medium,19,True,4,1,4,16,1,1.0,1.0,871.96,174.392,5,1.0,2.0
C100176,UK,web,False,14,low,15,True,2,0,3,12,2,0.0,0.0,179.95999999999998,44.989999999999995,4,0.0,0.0
C100177,DE,both,False,37,medium,17,True,3,0,2,17,1,0.0,0.0,678.98,226.32666666666668,3,0.0,1.0
C100178,US,mobile,True,24,medium,14,True,4,0,3,11,2,0.0,0.0,172.95,34.589999999999996,5,0.0,0.0
C100179,UK,web,True,59,high,20,True,1,0,6,16,4,0.0,0.0,339.95,67.99,5,0.0,0.0
C100180,UK,web,True,38,medium,24,True,3,0,6,18,1,0.0,0.0,274.95,54.989999999999995,5,0.0,0.0
C100181,US,both,True,38,medium,21,True,4,0,7,12,1,0.0,0.0,102.97,34.32333333333333,3,0.0,0.0
C100182,DE,mobile,True,39,medium,15,True,1,0,3,10,2,0.0,0.0,99.96,24.99,4,0.0,0.0
C100183,US,mobile,False,15,low,16,True,0,0,7,11,2,0.0,0.0,279.97,93.32333333333334,3,0.0,0.0
C100184,US,both,True,25,medium,20,True,3,0,3,20,3,0.0,0.0,482.96000000000004,120.74000000000001,4,0.0,0.0
C100185,US,mobile,False,29,low,19,True,4,0,10,11,2,0.0,0.0,9.99,9.99,1,0.0,1.0
C100186,US,both,False,26,medium,18,True,2,0,4,14,3,0.0,0.0,998.98,332.99333333333334,3,0.0,0.0
C100187,US,mobile,False,11,low,23,True,2,1,5,18,2,1.0,1.0,129.98,64.99,2,1.0,2.0
C100188,DE,mobile,True,50,medium,18,True,1,0,5,10,1,0.0,0.0,1318.97,329.7425,4,0.0,0.0
C100189,US,mobile,False,28,low,14,True,1,1,6,8,2,1.0,1.0,79.98,39.99,2,0.0,1.0
C100190,UK,mobile,True,19,medium,18,True,1,0,4,12,2,0.0,0.0,149.98000000000002,74.99000000000001,2,0.0,0.0
C100191,IN,mobile,False,19,low,16,True,0,0,5,11,2,0.0,0.0,139.98,69.99,2,0.0,0.0
C100192,IN,web,False,5,low,15,True,3,1,8,6,0,1.0,1.0,184.97000000000003,61.65666666666667,3,0.0,1.0
C100193,IN,both,True,25,medium,18,True,2,0,5,11,4,0.0,0.0,49.99,49.99,1,0.0,0.0
C100194,IN,both,False,17,medium,18,True,8,1,6,13,3,1.0,1.0,184.93,26.41857142857143,7,0.0,1.0
C100195,US,web,False,26,low,21,True,2,0,9,10,0,0.0,0.0,559.96,139.99,4,0.0,0.0
C100196,IN,both,False,10,low,17,True,0,0,8,12,2,0.0,0.0,192.98000000000002,96.49000000000001,2,0.0,0.0
C100197,US,web,True,55,medium,19,True,0,0,8,11,3,0.0,0.0,9.99,9.99,1,0.0,0.0
C100198,BR,both,False,27,medium,16,True,1,0,5,9,5,0.0,0.0,222.97,74.32333333333334,3,0.0,0.0
C100199,FR,web,True,26,medium,19,True,3,1,3,14,2,1.0,1.0,708.95,118.15833333333335,6,0.0,1.0
C100200,US,both,True,50,high,20,True,4,0,7,13,2,0.0,0.0,234.96,58.74,4,0.0,0.0
C100201,BR,web,True,21,medium,20,True,2,0,2,16,1,0.0,0.0,39.99,39.99,1,0.0,0.0
C100202,US,mobile,False,31,medium,29,True,2,0,3,25,6,0.0,0.0,54.98,27.49,2,0.0,0.0
C100203,US,both,True,18,medium,18,True,4,1,4,15,4,1.0,1.0,1438.98,479.66,3,2.0,3.0
C100204,US,both,True,40,high,26,True,8,2,2,23,5,1.0,1.0,377.95,75.59,5,1.0,2.0
C100205,CA,both,False,15,low,16,True,1,0,1,9,3,0.0,0.0,119.97,39.99,3,0.0,0.0
C100206,IN,mobile,True,20,medium,19,True,6,0,2,14,2,0.0,0.0,82.97,27.656666666666666,3,0.0,0.0
C100207,US,mobile,True,8,low,20,True,3,0,7,13,1,0.0,0.0,19.99,19.99,1,0.0,0.0
C100208,FR,web,True,44,medium,19,True,1,0,3,17,4,0.0,0.0,299.98,149.99,2,0.0,1.0
C100209,US,mobile,True,11,medium,19,True,2,0,5,15,0,0.0,0.0,728.99,364.495,2,0.0,0.0
C100210,IN,mobile,False,23,low,15,True,0,0,7,10,0,0.0,0.0,44.98,22.49,2,0.0,0.0
C100211,US,mobile,False,11,low,18,True,3,0,5,13,2,0.0,0.0,134.95,26.99,5,0.0,0.0
C100212,US,both,True,41,medium,28,True,5,0,9,17,3,0.0,0.0,99.97999999999999,49.989999999999995,2,0.0,0.0
C100213,IN,mobile,False,15,low,24,True,2,0,4,15,3,0.0,0.0,147.95999999999998,36.989999999999995,4,0.0,0.0
C100214,DE,web,False,3,low,22,True,0,0,10,13,2,0.0,0.0,22.98,11.49,2,0.0,0.0
C100215,UK,mobile,True,54,medium,13,True,2,0,4,10,0,0.0,0.0,142.97,47.656666666666666,3,0.0,0.0
C100216,DE,both,False,18,medium,17,True,4,0,4,15,1,0.0,0.0,87.97,29.323333333333334,3,0.0,1.0
C100217,CA,mobile,False,29,medium,11,True,1,0,1,8,0,0.0,0.0,69.98,34.99,2,0.0,0.0
C100218,UK,web,False,10,low,17,True,1,0,8,13,2,0.0,0.0,72.97,24.323333333333334,3,0.0,0.0
C100219,US,web,False,16,low,18,True,1,0,7,11,3,0.0,0.0,369.93,52.847142857142856,7,0.0,0.0
C100220,CA,mobile,True,4,medium,26,True,3,0,4,19,2,0.0,0.0,459.95000000000005,91.99000000000001,5,0.0,0.0
C100221,US,mobile,True,73,high,20,True,4,1,5,11,3,1.0,1.0,194.95999999999998,48.739999999999995,4,0.0,1.0
C100222,US,mobile,True,34,medium,21,True,0,0,3,18,2,0.0,0.0,1388.96,277.79200000000003,5,0.0,0.0
C100223,UK,mobile,False,16,low,15,True,1,0,5,11,1,0.0,0.0,89.99,89.99,1,0.0,0.0
C100224,MX,web,True,40,medium,12,True,1,0,5,7,1,0.0,0.0,754.97,188.7425,4,0.0,0.0
C100225,US,web,True,46,medium,28,True,0,0,13,16,5,0.0,0.0,79.97,26.656666666666666,3,0.0,0.0
C100226,AU,both,False,31,medium,19,True,2,0,3,14,2,0.0,0.0,538.97,134.7425,4,0.0,0.0
C100227,MX,both,False,18,low,23,True,1,0,8,18,1,0.0,0.0,19.99,19.99,1,0.0,0.0
C100228,UK,web,True,13,low,15,True,4,0,4,12,1,0.0,0.0,89.97999999999999,44.989999999999995,2,0.0,0.0
C100229,IN,both,True,37,medium,15,True,3,0,2,12,0,0.0,0.0,152.95999999999998,38.239999999999995,4,0.0,0.0
C100230,US,mobile,True,20,medium,25,True,0,0,7,15,3,0.0,0.0,119.97,39.99,3,0.0,0.0
C100231,UK,mobile,True,25,medium,22,True,2,0,6,15,4,0.0,0.0,192.98000000000002,96.49000000000001,2,0.0,0.0
C100232,US,web,False,32,medium,33,True,4,0,10,20,4,0.0,0.0,219.97,73.32333333333334,3,0.0,0.0
C100233,US,both,False,3,low,24,True,2,0,6,18,1,0.0,0.0,92.97999999999999,46.489999999999995,2,0.0,0.0
C100234,US,web,True,32,medium,21,True,4,0,5,16,2,0.0,0.0,189.95,37.989999999999995,5,0.0,0.0
C100235,UK,both,False,26,medium,18,True,5,1,3,16,1,1.0,1.0,304.96000000000004,76.24000000000001,4,0.0,1.0
C100236,US,both,False,51,medium,14,True,2,1,1,11,2,1.0,1.0,35.97,11.99,3,0.0,1.0
C100237,US,mobile,True,4,low,28,True,3,1,11,16,2,1.0,1.0,179.99,179.99,1,0.0,1.0
C100238,CA,mobile,True,25,medium,17,True,3,0,3,13,3,0.0,0.0,39.98,19.99,2,0.0,1.0
C100239,US,both,False,16,low,18,True,2,0,5,11,1,0.0,0.0,249.99,249.99,1,0.0,0.0
C100240,DE,mobile,True,51,high,23,True,4,0,6,17,5,0.0,0.0,47.97,15.99,3,0.0,0.0
C100241,FR,web,True,45,medium,26,True,2,0,10,18,6,0.0,0.0,199.95000000000002,39.99,5,0.0,0.0
C100242,US,both,True,56,high,16,True,5,0,4,10,1,0.0,0.0,109.97,36.656666666666666,3,0.0,0.0
C100243,MX,mobile,True,47,medium,17,True,2,0,4,13,2,0.0,0.0,164.96,41.24,4,0.0,0.0
C100244,FR,web,False,25,low,18,True,0,0,5,13,2,0.0,0.0,129.98,64.99,2,0.0,0.0
C100245,CA,both,False,34,medium,20,True,5,2,3,18,2,0.0,0.0,1623.97,405.9925,4,0.0,0.0
C100246,IN,web,True,23,medium,13,True,1,0,3,10,3,0.0,0.0,229.95,45.989999999999995,5,0.0,1.0
C100247,UK,mobile,True,54,medium,18,True,0,0,7,9,3,0.0,0.0,22.98,11.49,2,0.0,0.0
C100248,US,web,True,4,low,17,True,2,0,3,13,3,0.0,0.0,12.99,12.99,1,0.0,0.0
C100249,ES,both,True,53,high,16,True,1,0,2,13,4,0.0,0.0,24.99,24.99,1,0.0,1.0
C100250,US,web,True,41,medium,25,True,5,0,2,21,2,0.0,0.0,39.99,39.99,1,0.0,0.0
C100251,IN,both,True,38,medium,28,True,4,1,2,26,5,1.0,1.0,177.95999999999998,44.489999999999995,4,0.0,1.0
C100252,CA,mobile,True,57,high,18,True,2,0,0,15,8,0.0,0.0,868.97,217.2425,4,0.0,0.0
C100253,IN,web,False,16,low,17,True,1,0,9,9,0,0.0,0.0,179.98000000000002,89.99000000000001,2,0.0,0.0
C100254,IN,both,False,21,low,22,True,4,0,8,13,4,0.0,0.0,12.99,12.99,1,0.0,1.0
C100255,US,mobile,False,6,low,25,True,2,0,5,16,6,0.0,0.0,49.980000000000004,24.990000000000002,2,0.0,0.0
C100256,CA,web,True,61,high,23,True,3,1,3,19,5,1.0,1.0,661.95,110.325,6,0.0,1.0
C100257,US,web,True,47,high,24,True,3,1,3,18,3,1.0,1.0,1108.97,277.2425,4,0.0,1.0
C100258,US,mobile,True,42,high,20,True,4,1,1,20,2,1.0,1.0,132.95,26.589999999999996,5,0.0,1.0
C100259,US,both,False,35,medium,15,True,3,0,5,9,2,0.0,0.0,1236.98,412.32666666666665,3,0.0,0.0
C100260,US,mobile,True,29,medium,20,True,2,0,8,14,3,0.0,0.0,99.99,99.99,1,0.0,1.0
C100261,US,mobile,True,24,medium,22,True,2,0,3,11,3,0.0,0.0,528.99,264.495,2,0.0,0.0
C100262,DE,mobile,False,7,low,14,True,1,0,4,10,1,0.0,0.0,29.99,29.99,1,0.0,0.0
C100263,US,mobile,True,38,medium,20,True,3,1,2,19,2,1.0,1.0,162.98000000000002,81.49000000000001,2,0.0,1.0
C100264,BR,both,True,36,medium,23,True,4,1,3,21,4,1.0,1.0,412.94,68.82333333333334,6,0.0,1.0
C100265,UK,web,True,32,medium,23,True,5,1,7,18,2,1.0,1.0,39.99,39.99,1,0.0,1.0
C100266,ES,web,True,13,low,17,True,1,0,8,14,1,0.0,0.0,29.99,29.99,1,0.0,0.0
C100267,US,mobile,True,49,medium,21,True,2,0,5,14,2,0.0,0.0,179.97,59.99,3,0.0,0.0
C100268,FR,both,True,57,high,15,True,3,1,4,12,3,1.0,1.0,608.96,121.792,5,0.0,1.0
C100269,MX,mobile,True,7,low,17,True,0,0,9,11,2,0.0,0.0,129.98,64.99,2,0.0,0.0
C100270,US,both,True,63,high,21,True,2,1,4,18,2,1.0,1.0,1528.99,764.495,2,1.0,2.0
C100271,US,both,True,12,medium,14,True,5,1,4,9,0,1.0,1.0,269.95,53.989999999999995,5,1.0,2.0
C100272,US,mobile,True,11,medium,22,True,5,0,1,19,2,0.0,0.0,209.95,41.989999999999995,5,0.0,0.0
C100273,US,web,True,61,high,18,True,4,0,4,13,1,0.0,0.0,124.95,24.990000000000002,5,0.0,0.0
C100274,UK,mobile,True,36,medium,20,True,3,1,4,16,3,1.0,1.0,1301.95,216.99166666666667,6,1.0,2.0
C100275,IN,mobile,False,1,low,19,True,2,0,9,8,0,0.0,0.0,139.97,46.656666666666666,3,0.0,0.0
C100276,US,web,True,52,medium,20,True,4,0,3,17,1,0.0,0.0,29.99,29.99,1,0.0,1.0
C100277,IN,mobile,False,12,low,17,True,3,1,3,15,3,1.0,1.0,1621.97,405.4925,4,2.0,3.0
C100278,US,mobile,True,58,high,17,True,2,0,3,13,2,0.0,0.0,189.97,63.32333333333333,3,0.0,0.0
C100279,US,both,True,47,medium,27,True,3,2,8,19,4,0.0,0.0,394.96000000000004,98.74000000000001,4,0.0,0.0
C100280,US,mobile,True,42,medium,26,True,2,0,5,20,3,0.0,0.0,92.96,23.24,4,0.0,0.0
C100281,US,web,True,65,high,22,True,3,1,4,19,2,1.0,1.0,129.98,64.99,2,0.0,1.0
C100282,US,mobile,True,21,medium,17,True,2,0,5,13,2,0.0,0.0,229.97000000000003,76.65666666666668,3,0.0,1.0
C100283,US,mobile,True,8,low,17,True,2,0,2,13,1,0.0,0.0,698.98,232.99333333333334,3,0.0,0.0
C100284,IN,web,False,6,low,14,True,0,0,3,11,2,0.0,0.0,89.97,29.99,3,0.0,0.0
C100285,AU,web,False,18,low,12,True,0,0,3,11,1,0.0,0.0,74.98,37.49,2,0.0,0.0
C100286,US,web,True,56,high,18,True,3,0,3,13,1,0.0,0.0,182.95,36.589999999999996,5,0.0,0.0
C100287,IN,mobile,False,22,low,18,True,2,0,5,11,6,0.0,0.0,22.98,11.49,2,0.0,0.0
C100288,IN,web,False,21,low,8,True,0,0,4,9,2,0.0,0.0,99.99,99.99,1,0.0,0.0
C100289,US,mobile,False,15,low,25,True,0,0,8,15,1,0.0,0.0,229.98000000000002,114.99000000000001,2,0.0,0.0
C100290,DE,web,True,16,medium,19,True,2,0,6,16,3,0.0,0.0,322.95,64.59,5,0.0,0.0
C100291,DE,mobile,False,14,low,22,True,0,0,8,8,6,0.0,0.0,42.97,14.323333333333332,3,0.0,0.0
C100292,MX,mobile,False,20,low,17,True,4,0,5,13,3,0.0,0.0,262.96000000000004,65.74000000000001,4,0.0,0.0
C100293,US,web,False,29,low,17,True,2,0,7,13,1,0.0,0.0,112.97,37.656666666666666,3,0.0,0.0
C100294,AU,web,False,30,medium,21,True,7,2,2,17,1,0.0,0.0,199.98000000000002,99.99000000000001,2,0.0,0.0
C100295,US,mobile,True,9,medium,19,True,3,0,6,13,3,0.0,0.0,82.97,27.656666666666666,3,0.0,0.0
C100296,US,both,False,12,medium,16,True,3,0,4,16,1,0.0,0.0,39.99,39.99,1,0.0,0.0
C100297,US,mobile,True,18,low,19,True,1,0,4,13,5,0.0,0.0,1678.95,279.825,6,0.0,0.0
C100298,US,mobile,True,46,medium,24,True,5,1,5,20,2,1.0,1.0,99.96000000000001,24.990000000000002,4,0.0,1.0
C100299,AU,mobile,True,39,medium,19,True,3,1,2,12,5,1.0,1.0,234.97,78.32333333333334,3,0.0,1.0
C100300,UK,both,True,14,medium,21,True,6,0,4,16,1,0.0,0.0,12.99,12.99,1,0.0,0.0
C100301,US,web,True,36,medium,13,True,0,0,4,11,0,0.0,0.0,289.96000000000004,72.49000000000001,4,0.0,0.0
C100302,IN,web,True,22,medium,16,True,1,0,4,12,2,0.0,0.0,74.98,37.49,2,0.0,0.0
C100303,UK,both,False,35,medium,36,True,4,0,6,25,1,0.0,0.0,399.98,199.99,2,0.0,0.0
C100304,FR,web,False,9,low,17,True,1,0,6,10,4,0.0,0.0,59.98,29.99,2,0.0,0.0
C100305,US,web,False,12,low,18,True,2,0,7,10,1,0.0,0.0,154.98000000000002,77.49000000000001,2,0.0,0.0
C100306,MX,mobile,False,11,low,20,True,1,1,6,15,4,1.0,1.0,2447.99,815.9966666666666,3,2.0,3.0
C100307,UK,mobile,False,11,low,23,True,5,0,7,17,1,0.0,0.0,244.96,61.24,4,0.0,0.0
C100308,DE,mobile,True,54,high,20,True,2,0,1,15,4,0.0,0.0,778.96,155.792,5,0.0,0.0
C100309,US,web,True,20,medium,33,True,5,1,4,26,4,1.0,1.0,354.93,50.70428571428572,7,0.0,1.0
C100310,IN,web,True,19,medium,18,True,0,0,6,10,4,0.0,0.0,124.97999999999999,62.489999999999995,2,0.0,0.0
C100311,CA,mobile,False,8,low,24,True,3,1,9,16,1,1.0,1.0,399.97,133.32333333333335,3,1.0,2.0
C100312,IN,mobile,False,19,low,29,True,4,0,6,18,2,0.0,0.0,24.99,24.99,1,0.0,0.0
C100313,IN,web,False,15,low,21,True,3,0,8,11,4,0.0,0.0,89.99,89.99,1,0.0,0.0
C100314,UK,both,True,32,medium,17,True,2,0,7,11,0,0.0,0.0,264.94,44.156666666666666,6,0.0,0.0
C100315,US,both,False,25,medium,13,True,1,0,3,8,3,0.0,0.0,199.98,99.99,2,0.0,0.0
C100316,IN,both,True,5,medium,25,True,5,1,6,21,2,1.0,1.0,452.96000000000004,113.24000000000001,4,0.0,1.0
C100317,IN,web,True,34,medium,17,True,5,0,4,14,1,0.0,0.0,49.98,24.99,2,0.0,0.0
C100318,BR,both,False,13,low,25,True,6,1,6,19,2,1.0,1.0,49.98,24.99,2,0.0,1.0
C100319,CA,web,True,19,low,12,True,3,0,4,10,3,0.0,0.0,119.97999999999999,59.989999999999995,2,0.0,0.0
C100320,FR,mobile,False,23,low,20,True,4,0,4,16,1,0.0,0.0,528.99,264.495,2,0.0,0.0
C100321,CA,mobile,True,16,medium,15,True,1,0,6,9,3,0.0,0.0,118.96,29.74,4,0.0,0.0
C100322,IN,both,True,1,medium,22,True,2,0,6,16,4,0.0,0.0,417.94,69.65666666666667,6,0.0,0.0
C100323,AU,mobile,False,9,low,16,True,1,0,7,7,0,0.0,0.0,109.97999999999999,54.989999999999995,2,0.0,0.0
C100324,US,mobile,True,8,medium,19,True,1,0,8,13,2,0.0,0.0,209.98000000000002,104.99000000000001,2,0.0,0.0
C100325,CA,web,True,39,medium,18,True,1,1,7,8,2,1.0,1.0,167.95999999999998,41.989999999999995,4,0.0,1.0
C100326,CA,web,True,43,medium,30,True,9,0,5,24,4,0.0,0.0,29.979999999999997,14.989999999999998,2,0.0,0.0
C100327,US,mobile,True,33,medium,19,True,4,1,4,19,1,0.0,0.0,149.97,49.99,3,0.0,0.0
C100328,US,both,False,24,low,15,True,0,0,4,11,1,0.0,0.0,32.97,10.99,3,0.0,0.0
C100329,US,mobile,True,27,medium,11,True,2,0,3,10,0,0.0,0.0,219.96999999999997,73.32333333333332,3,0.0,0.0
C100330,IN,mobile,True,20,medium,15,True,0,0,3,12,4,0.0,0.0,359.98,179.99,2,0.0,0.0
C100331,UK,mobile,True,30,medium,24,True,6,2,3,17,4,0.0,0.0,134.97,44.99,3,0.0,0.0
C100332,UK,mobile,True,45,medium,20,True,2,0,5,16,3,0.0,0.0,551.98,183.99333333333334,3,0.0,0.0
C100333,US,both,False,21,medium,15,True,2,0,2,13,2,0.0,0.0,199.97,66.65666666666667,3,0.0,0.0
C100334,UK,web,False,35,low,19,True,1,0,5,10,3,0.0,0.0,49.99,49.99,1,0.0,0.0
C100335,US,web,False,25,low,19,True,0,0,11,6,3,0.0,0.0,12.99,12.99,1,0.0,0.0
C100336,US,mobile,True,19,medium,19,True,3,2,4,16,4,1.0,1.0,2142.98,535.745,4,1.0,2.0
C100337,US,both,False,9,low,16,True,4,0,3,11,2,0.0,0.0,89.99,89.99,1,0.0,0.0
C100338,US,web,False,21,low,26,True,3,0,8,16,1,0.0,0.0,24.99,24.99,1,0.0,0.0
C100339,IN,web,False,19,low,19,True,2,0,5,12,4,0.0,0.0,1623.98,541.3266666666667,3,0.0,0.0
C100340,IN,mobile,False,20,low,21,True,4,0,4,15,4,0.0,0.0,104.97999999999999,52.489999999999995,2,0.0,0.0
C100341,IN,web,True,45,medium,28,True,5,0,5,22,4,0.0,0.0,49.99,49.99,1,0.0,0.0
C100342,US,web,True,25,medium,16,True,4,0,5,11,0,0.0,0.0,229.98000000000002,114.99000000000001,2,0.0,0.0
C100343,US,both,False,17,low,19,True,4,0,8,11,3,0.0,0.0,114.97999999999999,57.489999999999995,2,0.0,0.0
C100344,UK,mobile,True,23,medium,20,True,3,0,1,16,2,0.0,0.0,12.99,12.99,1,0.0,1.0
C100345,UK,both,False,21,low,21,True,3,1,7,13,4,1.0,1.0,1538.99,769.495,2,1.0,2.0
C100346,IN,mobile,False,12,low,15,True,3,0,3,13,1,0.0,0.0,57.97,19.323333333333334,3,0.0,0.0
C100347,CA,web,True,53,medium,18,True,3,0,3,11,3,0.0,0.0,252.97000000000003,84.32333333333334,3,0.0,0.0
C100348,US,web,False,12,low,20,True,3,0,4,14,0,0.0,0.0,249.99,249.99,1,0.0,0.0
C100349,US,mobile,False,2,low,21,True,2,0,7,12,1,0.0,0.0,244.96000000000004,61.24000000000001,4,0.0,0.0
C100350,CA,web,True,9,low,14,True,0,0,7,8,0,0.0,0.0,79.97,26.656666666666666,3,0.0,0.0
C100351,DE,both,False,36,medium,17,True,1,0,2,13,3,0.0,0.0,1568.98,522.9933333333333,3,0.0,0.0
C100352,UK,mobile,True,7,low,18,True,0,0,5,10,3,0.0,0.0,122.96000000000001,30.740000000000002,4,0.0,0.0
C100353,FR,mobile,False,25,low,21,True,2,0,5,18,1,0.0,0.0,129.98,64.99,2,0.0,1.0
C100354,US,web,False,21,medium,17,True,0,0,1,15,4,0.0,0.0,69.98,34.99,2,0.0,0.0
C100355,ES,web,False,6,low,18,True,1,0,5,14,2,0.0,0.0,179.99,179.99,1,0.0,0.0
C100356,MX,mobile,False,28,low,28,True,1,0,6,22,5,0.0,0.0,29.99,29.99,1,0.0,0.0
C100357,IN,mobile,True,60,medium,20,True,2,0,7,11,0,0.0,0.0,292.96000000000004,73.24000000000001,4,0.0,0.0
C100358,AU,web,True,32,medium,18,True,1,1,5,12,1,1.0,1.0,209.96,52.49,4,0.0,1.0
C100359,US,mobile,False,14,low,15,True,0,0,3,13,1,0.0,0.0,199.96,49.99,4,0.0,0.0
C100360,US,web,False,34,medium,11,True,1,0,2,9,2,0.0,0.0,139.98,69.99,2,0.0,0.0
C100361,US,mobile,True,43,medium,20,True,1,0,4,15,2,0.0,0.0,244.95000000000002,48.99,5,0.0,0.0
C100362,DE,mobile,False,29,medium,27,True,3,1,2,26,2,1.0,1.0,1023.95,170.65833333333333,6,1.0,2.0
C100363,US,mobile,True,5,low,18,True,2,0,2,13,3,0.0,0.0,105.97,35.32333333333333,3,0.0,0.0
C100364,ES,both,True,19,medium,15,True,3,0,4,12,2,0.0,0.0,134.97,44.99,3,0.0,0.0
C100365,US,both,True,28,medium,19,True,4,0,4,16,1,0.0,0.0,59.980000000000004,29.990000000000002,2,0.0,0.0
C100366,IN,web,False,16,low,17,True,5,0,0,18,2,0.0,0.0,64.98,32.49,2,0.0,0.0
C100367,UK,web,False,18,low,17,True,2,0,5,13,3,0.0,0.0,928.99,464.495,2,0.0,0.0
C100368,US,mobile,True,19,medium,24,True,4,0,6,14,1,0.0,0.0,89.99,89.99,1,0.0,1.0
C100369,MX,web,True,29,medium,18,True,3,0,5,15,4,0.0,0.0,269.96000000000004,67.49000000000001,4,0.0,0.0
C100370,US,web,True,17,medium,19,True,2,0,1,21,2,0.0,0.0,259.97,86.65666666666668,3,0.0,0.0
C100371,UK,mobile,False,26,low,18,True,1,0,5,11,2,0.0,0.0,74.97,24.99,3,0.0,0.0
C100372,UK,both,True,17,medium,20,True,4,1,5,16,6,0.0,0.0,149.97,49.99,3,0.0,0.0
C100373,FR,mobile,True,56,medium,22,True,4,0,3,18,5,0.0,0.0,109.96000000000001,27.490000000000002,4,0.0,0.0
C100374,US,both,False,35,medium,24,True,4,0,4,21,2,0.0,0.0,334.94,55.82333333333333,6,0.0,0.0
C100375,IN,mobile,False,11,low,12,True,2,0,3,10,2,0.0,0.0,99.99,99.99,1,0.0,1.0
C100376,US,both,False,18,low,12,True,1,0,6,7,2,0.0,0.0,878.98,292.99333333333334,3,0.0,0.0
C100377,US,both,False,9,low,23,True,3,0,7,18,2,0.0,0.0,79.99,79.99,1,0.0,0.0
C100378,BR,mobile,True,22,medium,15,True,1,0,4,12,2,0.0,0.0,52.980000000000004,26.490000000000002,2,0.0,0.0
C100379,US,web,False,5,low,20,True,1,0,6,14,0,0.0,0.0,1668.98,556.3266666666667,3,0.0,0.0
C100380,US,mobile,False,34,low,24,True,2,0,6,21,2,0.0,0.0,39.98,19.99,2,0.0,1.0
C100381,IN,mobile,False,15,low,21,True,2,0,9,14,0,0.0,0.0,64.98,32.49,2,0.0,0.0
C100382,US,web,True,15,medium,15,True,2,0,3,15,0,0.0,0.0,97.96,24.49,4,0.0,0.0
C100383,US,web,False,12,low,19,True,3,0,2,19,2,0.0,0.0,92.97999999999999,46.489999999999995,2,0.0,1.0
C100384,DE,both,False,29,medium,16,True,2,0,3,12,3,0.0,0.0,194.96999999999997,64.99,3,0.0,1.0
C100385,IN,mobile,False,11,low,18,True,1,0,6,11,2,0.0,0.0,69.98,34.99,2,0.0,1.0
C100386,US,mobile,False,9,low,18,True,1,0,5,12,3,0.0,0.0,19.99,19.99,1,0.0,0.0
C100387,CA,mobile,True,8,low,25,True,1,0,11,13,2,0.0,0.0,249.99,249.99,1,0.0,0.0
C100388,DE,mobile,True,11,medium,18,True,5,0,1,15,2,0.0,0.0,309.97,103.32333333333334,3,0.0,0.0
C100389,IN,mobile,True,38,medium,15,True,0,0,3,10,2,0.0,0.0,64.98,32.49,2,0.0,0.0
C100390,UK,mobile,False,6,low,19,True,1,0,6,14,0,0.0,0.0,179.98000000000002,89.99000000000001,2,0.0,0.0
C100391,US,web,False,36,medium,17,True,4,0,3,14,2,0.0,0.0,109.97,36.656666666666666,3,0.0,0.0
C100392,UK,both,True,27,medium,23,True,5,1,8,16,3,1.0,1.0,199.98000000000002,99.99000000000001,2,1.0,2.0
C100393,CA,web,False,21,medium,15,True,4,0,6,12,1,0.0,0.0,59.97,19.99,3,0.0,0.0
C100394,CA,mobile,True,56,medium,23,True,5,0,4,17,3,0.0,0.0,908.99,454.495,2,0.0,0.0
C100395,ES,web,False,16,low,11,True,1,0,6,8,1,0.0,0.0,448.99,224.495,2,0.0,0.0
C100396,UK,mobile,True,41,medium,24,True,3,2,5,19,4,1.0,1.0,37.98,18.99,2,0.0,1.0
C100397,UK,mobile,True,15,medium,19,True,0,0,3,17,1,0.0,0.0,12.99,12.99,1,0.0,0.0
C100398,AU,both,False,19,low,22,True,0,0,7,17,1,0.0,0.0,54.98,27.49,2,0.0,0.0
C100399,AU,web,True,23,medium,10,True,4,0,0,10,2,0.0,0.0,254.95,50.989999999999995,5,0.0,0.0
C100400,CA,mobile,False,25,low,16,True,1,0,9,9,1,0.0,0.0,47.97,15.99,3,0.0,0.0
C100401,CA,web,True,42,medium,17,True,4,1,1,17,1,1.0,1.0,139.97,46.656666666666666,3,0.0,1.0
C100402,UK,mobile,True,7,low,18,True,0,0,6,9,3,0.0,0.0,39.99,39.99,1,0.0,0.0
C100403,IN,mobile,False,18,low,22,True,3,0,5,15,3,0.0,0.0,59.98,29.99,2,0.0,0.0
C100404,ES,mobile,True,22,medium,16,True,3,0,5,10,1,0.0,0.0,54.98,27.49,2,0.0,0.0
C100405,UK,mobile,False,1,low,14,True,1,0,3,11,1,0.0,0.0,72.97,24.323333333333334,3,0.0,0.0
C100406,US,web,True,2,low,17,True,1,0,9,11,2,0.0,0.0,29.99,29.99,1,0.0,0.0
C100407,CA,mobile,True,36,medium,22,True,4,1,6,16,2,1.0,1.0,199.97000000000003,66.65666666666668,3,0.0,1.0
C100408,MX,mobile,False,13,low,15,True,3,0,8,9,1,0.0,0.0,262.98,131.49,2,0.0,0.0
C100409,IN,mobile,True,6,medium,20,True,3,0,4,18,2,0.0,0.0,159.95,31.99,5,0.0,0.0
C100410,FR,web,False,1,low,22,True,1,0,4,16,3,0.0,0.0,492.96000000000004,123.24000000000001,4,0.0,0.0
C100411,DE,web,False,3,low,12,True,1,0,4,11,3,0.0,0.0,142.95,28.589999999999996,5,0.0,0.0
C100412,US,mobile,True,28,medium,18,True,2,0,6,11,2,0.0,0.0,212.96,53.24,4,0.0,0.0
C100413,CA,both,True,17,medium,25,True,3,0,7,20,3,0.0,0.0,29.99,29.99,1,0.0,0.0
C100414,US,web,True,24,low,24,True,1,0,7,15,4,0.0,0.0,743.98,247.99333333333334,3,0.0,0.0
C100415,US,both,False,3,low,13,True,2,0,2,12,1,0.0,0.0,219.98000000000002,109.99000000000001,2,0.0,0.0
C100416,DE,both,False,42,medium,20,True,5,0,6,17,1,0.0,0.0,247.95,49.589999999999996,5,0.0,0.0
C100417,FR,mobile,True,33,medium,18,True,3,0,1,15,4,0.0,0.0,1898.96,379.79200000000003,5,0.0,0.0
C100418,US,web,False,6,low,14,True,2,0,3,10,2,0.0,0.0,1318.98,439.66,3,0.0,1.0
C100419,MX,web,False,19,low,19,True,1,0,8,15,2,0.0,0.0,12.99,12.99,1,0.0,0.0
C100420,BR,both,True,30,medium,16,True,2,0,2,14,2,0.0,0.0,224.96,56.24,4,0.0,0.0
C100421,US,both,False,14,low,24,True,5,0,4,23,1,0.0,0.0,1499.0,1499.0,1,0.0,0.0
C100422,US,mobile,True,24,low,20,True,0,0,9,12,0,0.0,0.0,284.97,94.99000000000001,3,0.0,0.0
C100423,UK,web,True,10,medium,12,True,1,0,2,11,2,0.0,0.0,1084.95,180.82500000000002,6,0.0,0.0
C100424,UK,web,True,5,low,26,True,1,0,5,17,3,0.0,0.0,64.98,32.49,2,0.0,0.0
C100425,FR,mobile,False,17,low,22,True,2,0,2,20,3,0.0,0.0,49.99,49.99,1,0.0,1.0
C100426,US,both,False,9,low,16,True,2,0,2,14,3,0.0,0.0,89.98,44.99,2,0.0,0.0
C100427,US,web,True,33,medium,15,True,0,0,5,11,2,0.0,0.0,282.96000000000004,70.74000000000001,4,0.0,0.0
C100428,US,mobile,True,20,medium,18,True,2,0,5,11,3,0.0,0.0,164.95,32.989999999999995,5,0.0,0.0
C100429,DE,both,True,59,medium,15,True,3,0,3,13,3,0.0,0.0,37.98,18.99,2,0.0,0.0
C100430,US,mobile,True,62,medium,18,True,4,0,2,18,2,0.0,0.0,389.95000000000005,77.99000000000001,5,0.0,0.0
C100431,AU,both,False,20,low,25,True,0,0,7,20,3,0.0,0.0,29.99,29.99,1,0.0,0.0
C100432,IN,mobile,True,17,low,19,True,1,0,4,15,2,0.0,0.0,79.99,79.99,1,0.0,0.0
C100433,CA,mobile,False,7,low,15,True,1,0,1,12,4,0.0,0.0,112.96,28.24,4,0.0,0.0
C100434,IN,mobile,False,21,low,15,True,2,1,5,11,1,0.0,0.0,294.97,98.32333333333334,3,0.0,0.0
C100435,US,web,True,55,high,15,True,4,0,5,10,2,0.0,0.0,282.93,40.41857142857143,7,0.0,0.0
C100436,US,web,True,48,medium,13,True,0,0,3,16,3,0.0,0.0,379.96000000000004,94.99000000000001,4,0.0,0.0
C100437,US,both,True,50,high,16,True,5,1,3,14,1,1.0,1.0,419.94,69.99,6,0.0,1.0
C100438,UK,mobile,True,31,medium,19,True,3,0,6,14,3,0.0,0.0,80.96,20.24,4,0.0,0.0
C100439,FR,both,True,50,high,26,True,1,0,2,18,5,0.0,0.0,214.95,42.989999999999995,5,0.0,0.0
C100440,US,both,False,17,low,19,True,3,1,2,14,2,1.0,1.0,299.98,149.99,2,0.0,1.0
C100441,US,mobile,True,25,medium,14,True,1,0,2,8,2,0.0,0.0,159.98,79.99,2,0.0,0.0
C100442,US,mobile,True,49,medium,22,True,4,1,2,22,3,1.0,1.0,504.95000000000005,100.99000000000001,5,1.0,2.0
C100443,US,mobile,False,31,low,21,True,1,0,2,20,2,0.0,0.0,309.97,103.32333333333334,3,0.0,0.0
C100444,UK,mobile,False,3,low,15,True,3,0,7,10,0,0.0,0.0,32.98,16.49,2,0.0,0.0
C100445,US,mobile,True,14,low,15,True,4,1,6,11,0,1.0,1.0,139.97,46.656666666666666,3,0.0,1.0
C100446,US,mobile,True,53,medium,22,True,6,0,1,23,2,0.0,0.0,424.98,141.66,3,0.0,1.0
C100447,BR,both,False,18,low,16,True,0,0,4,10,3,0.0,0.0,154.98000000000002,77.49000000000001,2,0.0,0.0
C100448,IN,mobile,False,19,low,11,True,1,1,3,6,1,1.0,1.0,1538.98,512.9933333333333,3,1.0,2.0
C100449,US,web,False,4,low,21,True,5,0,3,14,5,0.0,0.0,92.97,30.99,3,0.0,0.0
C100450,IN,both,False,17,medium,22,True,3,0,3,19,5,0.0,0.0,349.95000000000005,69.99000000000001,5,0.0,0.0
C100451,FR,web,False,15,low,14,True,0,0,6,12,0,0.0,0.0,24.99,24.99,1,0.0,0.0
C100452,ES,web,True,59,medium,16,True,3,0,3,16,0,0.0,0.0,1447.99,482.66333333333336,3,0.0,1.0
C100453,US,web,False,8,low,23,True,3,0,5,17,3,0.0,0.0,99.98,49.99,2,0.0,0.0
C100454,DE,mobile,True,40,medium,27,True,7,0,2,18,4,0.0,0.0,159.98000000000002,79.99000000000001,2,0.0,0.0
C100455,US,mobile,True,21,medium,18,True,2,0,3,13,2,0.0,0.0,309.93,44.27571428571429,7,0.0,0.0
C100456,CA,web,False,27,low,20,True,2,0,6,14,1,0.0,0.0,99.97999999999999,49.989999999999995,2,0.0,0.0
C100457,US,mobile,False,40,medium,18,True,2,1,1,19,2,1.0,1.0,304.96,76.24,4,1.0,2.0
C100458,AU,mobile,True,44,medium,14,True,2,0,5,10,0,0.0,0.0,109.97,36.656666666666666,3,0.0,0.0
C100459,ES,mobile,False,8,low,20,True,1,0,5,13,0,0.0,0.0,1328.99,664.495,2,0.0,0.0
C100460,CA,web,False,15,low,16,True,4,0,5,15,4,0.0,0.0,54.98,27.49,2,0.0,0.0
C100461,MX,web,False,14,low,14,True,0,0,4,9,2,0.0,0.0,289.98,144.99,2,0.0,0.0
C100462,DE,web,True,32,medium,16,True,5,1,2,11,5,0.0,0.0,304.94,50.82333333333333,6,0.0,0.0
C100463,MX,mobile,False,12,low,19,True,0,0,5,14,2,0.0,0.0,149.97,49.99,3,0.0,0.0
C100464,IN,mobile,False,20,low,15,True,2,0,2,16,2,0.0,0.0,39.99,39.99,1,0.0,0.0
C100465,ES,both,True,13,medium,22,True,3,1,4,18,3,0.0,0.0,129.97,43.32333333333333,3,0.0,0.0
C100466,US,both,True,42,medium,24,True,4,0,3,18,4,0.0,0.0,29.99,29.99,1,0.0,0.0
C100467,US,both,True,40,medium,17,True,3,0,4,14,1,0.0,0.0,442.95000000000005,88.59,5,0.0,1.0
C100468,FR,mobile,True,35,medium,22,True,1,0,6,19,1,0.0,0.0,42.97,14.323333333333332,3,0.0,0.0
C100469,IN,both,False,31,medium,17,True,2,0,3,14,2,0.0,0.0,37.98,18.99,2,0.0,0.0
C100470,CA,both,False,19,medium,21,True,5,1,8,15,1,1.0,1.0,272.97,90.99000000000001,3,0.0,1.0
C100471,US,web,False,4,low,22,True,1,0,6,13,6,0.0,0.0,119.97999999999999,59.989999999999995,2,0.0,0.0
C100472,BR,both,True,24,medium,20,True,2,0,5,15,1,0.0,0.0,129.95999999999998,32.489999999999995,4,0.0,0.0
C100473,UK,web,True,11,medium,19,True,1,0,5,13,3,0.0,0.0,748.99,374.495,2,0.0,0.0
C100474,US,mobile,True,14,low,20,True,1,0,6,9,2,0.0,0.0,24.99,24.99,1,0.0,0.0
C100475,ES,web,False,29,low,19,True,2,0,2,15,4,0.0,0.0,44.98,22.49,2,0.0,0.0
C100476,ES,mobile,True,20,low,15,True,1,0,4,13,2,0.0,0.0,79.99,79.99,1,0.0,0.0
C100477,UK,web,True,20,low,30,True,0,0,9,19,5,0.0,0.0,19.99,19.99,1,0.0,0.0
C100478,IN,mobile,True,31,medium,21,True,4,0,5,17,4,0.0,0.0,219.95,43.989999999999995,5,0.0,1.0
C100479,US,mobile,False,7,low,16,True,2,0,8,8,2,0.0,0.0,109.97,36.656666666666666,3,0.0,0.0
C100480,US,web,True,40,medium,13,True,1,0,2,11,1,0.0,0.0,9.99,9.99,1,0.0,0.0
C100481,US,both,False,38,medium,20,True,3,0,3,16,2,0.0,0.0,94.97,31.656666666666666,3,0.0,0.0
C100482,CA,mobile,True,9,medium,15,True,2,0,3,9,0,0.0,0.0,34.98,17.49,2,0.0,1.0
C100483,AU,mobile,False,22,low,24,True,1,0,7,13,0,0.0,0.0,279.96,69.99,4,0.0,0.0
C100484,IN,mobile,False,10,low,23,True,3,1,9,17,2,0.0,0.0,908.99,454.495,2,0.0,0.0
C100485,IN,mobile,False,18,low,18,True,1,0,6,12,2,0.0,0.0,59.980000000000004,29.990000000000002,2,0.0,0.0
C100486,US,mobile,False,19,low,14,True,0,0,5,9,0,0.0,0.0,379.96,94.99,4,0.0,0.0
C100487,US,mobile,True,19,medium,15,True,1,0,4,8,5,0.0,0.0,119.94999999999999,23.99,5,0.0,0.0
C100488,FR,mobile,True,30,medium,15,True,2,1,0,14,2,1.0,1.0,649.94,108.32333333333334,6,0.0,1.0
C100489,US,web,False,6,low,19,True,0,0,8,10,2,0.0,0.0,29.99,29.99,1,0.0,0.0
C100490,US,mobile,False,35,medium,17,True,3,0,5,16,1,0.0,0.0,269.97,89.99000000000001,3,0.0,0.0
C100491,IN,web,False,16,low,17,True,2,0,4,9,6,0.0,0.0,124.97,41.656666666666666,3,0.0,0.0
C100492,MX,web,False,13,low,15,True,3,0,4,13,1,0.0,0.0,62.97,20.99,3,0.0,0.0
C100493,MX,mobile,False,10,low,24,True,5,0,5,24,3,0.0,0.0,179.97000000000003,59.99000000000001,3,0.0,0.0
C100494,IN,both,True,48,high,20,True,6,1,2,17,1,1.0,1.0,1308.94,186.99142857142857,7,0.0,1.0
C100495,US,mobile,False,8,low,20,True,2,0,3,16,0,0.0,0.0,62.980000000000004,31.490000000000002,2,0.0,0.0
C100496,DE,mobile,True,38,medium,13,True,4,0,2,13,0,0.0,0.0,189.98000000000002,94.99000000000001,2,0.0,0.0
C100497,AU,mobile,False,15,low,23,True,0,0,10,13,2,0.0,0.0,99.99,99.99,1,0.0,0.0
C100498,CA,web,True,23,medium,15,True,2,0,3,9,4,0.0,0.0,59.980000000000004,29.990000000000002,2,0.0,0.0
C100499,BR,mobile,False,22,medium,23,True,4,2,4,16,1,1.0,1.0,1136.96,227.392,5,1.0,2.0
C100500,MX,both,False,35,medium,15,True,4,0,2,12,1,0.0,0.0,379.97,126.65666666666668,3,0.0,0.0
C100501,IN,both,False,18,low,21,True,1,0,3,14,6,0.0,0.0,39.99,39.99,1,0.0,0.0
C100502,US,web,True,25,medium,18,True,5,0,2,13,3,0.0,0.0,22.98,11.49,2,0.0,0.0
C100503,AU,mobile,True,17,medium,14,True,2,0,4,9,1,0.0,0.0,439.97,146.65666666666667,3,0.0,1.0
C100504,FR,web,False,37,medium,18,True,4,1,5,15,1,1.0,1.0,768.98,256.32666666666665,3,1.0,2.0
C100505,DE,web,True,21,medium,18,True,4,0,3,17,0,0.0,0.0,217.96,54.49,4,0.0,0.0
C100506,BR,mobile,False,9,low,19,True,1,0,5,13,5,0.0,0.0,39.99,39.99,1,0.0,0.0
C100507,UK,mobile,False,15,low,24,True,4,1,6,17,5,1.0,1.0,89.97999999999999,44.989999999999995,2,0.0,1.0
C100508,US,web,False,11,low,16,True,0,0,5,9,5,0.0,0.0,159.97,53.32333333333333,3,0.0,0.0
C100509,CA,web,False,4,low,27,True,3,0,7,19,3,0.0,0.0,179.96999999999997,59.98999999999999,3,0.0,0.0
C100510,MX,both,True,11,medium,18,True,2,1,4,9,4,1.0,1.0,54.98,27.49,2,0.0,1.0
C100511,US,mobile,False,21,low,14,True,0,0,2,12,4,0.0,0.0,89.98,44.99,2,0.0,0.0
C100512,US,web,True,16,medium,22,True,4,0,5,17,2,0.0,0.0,199.98000000000002,99.99000000000001,2,0.0,0.0
C100513,US,mobile,True,39,medium,23,True,4,1,2,22,3,1.0,1.0,558.97,139.7425,4,1.0,2.0
C100514,US,mobile,True,29,medium,18,True,2,0,2,16,3,0.0,0.0,269.96000000000004,67.49000000000001,4,0.0,0.0
C100515,US,web,False,23,low,23,True,2,0,5,16,3,0.0,0.0,49.98,24.99,2,0.0,0.0
C100516,DE,mobile,True,12,low,24,True,4,0,6,18,1,0.0,0.0,129.99,129.99,1,0.0,0.0
C100517,US,both,False,27,medium,22,True,4,0,5,18,3,0.0,0.0,242.97000000000003,80.99000000000001,3,0.0,0.0
C100518,US,both,False,16,low,15,True,2,0,4,9,0,0.0,0.0,948.98,316.32666666666665,3,0.0,0.0
C100519,BR,mobile,False,3,low,26,True,3,2,9,16,3,1.0,1.0,9.99,9.99,1,0.0,1.0
C100520,MX,web,False,19,medium,16,True,2,1,3,16,2,0.0,0.0,399.96000000000004,99.99000000000001,4,0.0,0.0
C100521,IN,web,False,22,low,27,True,4,0,11,17,2,0.0,0.0,49.980000000000004,24.990000000000002,2,0.0,0.0
C100522,IN,web,False,4,low,12,True,1,0,5,5,1,0.0,0.0,129.99,129.99,1,0.0,0.0
C100523,US,mobile,False,19,low,22,True,1,0,4,12,6,0.0,0.0,119.97999999999999,59.989999999999995,2,0.0,0.0
C100524,CA,web,True,12,low,18,True,2,0,3,15,1,0.0,0.0,239.97000000000003,79.99000000000001,3,0.0,0.0
C100525,IN,mobile,True,47,medium,23,True,2,0,4,20,3,0.0,0.0,135.95999999999998,33.989999999999995,4,0.0,0.0
C100526,US,mobile,True,23,medium,19,True,1,0,5,13,5,0.0,0.0,39.98,19.99,2,0.0,0.0
C100527,US,both,False,29,medium,20,True,2,0,4,15,4,0.0,0.0,39.97,13.323333333333332,3,0.0,0.0
C100528,CA,web,False,39,medium,15,True,3,2,2,12,0,1.0,1.0,89.97,29.99,3,0.0,1.0
C100529,IN,mobile,True,23,medium,19,True,4,0,3,14,1,0.0,0.0,149.96,37.49,4,0.0,0.0
C100530,CA,mobile,True,7,low,20,True,2,0,4,17,2,0.0,0.0,37.98,18.99,2,0.0,0.0
C100531,BR,both,True,6,low,16,True,2,0,2,15,1,0.0,0.0,9.99,9.99,1,0.0,0.0
C100532,MX,both,False,9,low,22,True,0,0,4,22,3,0.0,0.0,9.99,9.99,1,0.0,0.0
C100533,CA,mobile,False,25,low,23,True,2,0,7,18,2,0.0,0.0,219.98000000000002,109.99000000000001,2,0.0,0.0
C100534,US,web,True,4,low,24,True,1,0,9,14,3,0.0,0.0,169.98000000000002,84.99000000000001,2,0.0,0.0
C100535,US,both,False,39,medium,20,True,2,1,6,20,3,1.0,1.0,182.95,36.589999999999996,5,0.0,1.0
C100536,ES,both,True,22,low,19,True,3,0,2,19,1,0.0,0.0,239.97000000000003,79.99000000000001,3,0.0,0.0
C100537,US,web,True,49,medium,18,True,4,1,5,15,2,1.0,1.0,119.96000000000001,29.990000000000002,4,0.0,1.0
C100538,BR,web,True,35,medium,24,True,0,0,3,17,3,0.0,0.0,938.99,469.495,2,0.0,0.0
C100539,BR,mobile,False,28,medium,19,True,1,0,4,13,1,0.0,0.0,149.98,74.99,2,0.0,1.0
C100540,US,both,True,31,medium,19,True,1,0,2,18,4,0.0,0.0,239.98000000000002,119.99000000000001,2,0.0,0.0
C100541,US,mobile,True,58,medium,15,True,3,0,3,13,0,0.0,0.0,1798.96,359.79200000000003,5,0.0,0.0
C100542,US,web,True,40,medium,25,True,3,0,3,23,3,0.0,0.0,49.980000000000004,24.990000000000002,2,0.0,0.0
C100543,US,web,False,2,low,23,True,3,0,6,18,3,0.0,0.0,94.97,31.656666666666666,3,0.0,0.0
C100544,BR,both,True,13,medium,22,True,4,1,4,17,1,1.0,1.0,149.97,49.99,3,0.0,1.0
C100545,UK,both,True,10,medium,15,True,3,0,4,13,5,0.0,0.0,179.97000000000003,59.99000000000001,3,0.0,0.0
C100546,US,both,True,27,medium,17,True,2,0,5,15,0,0.0,0.0,179.98000000000002,89.99000000000001,2,0.0,1.0
C100547,CA,mobile,False,27,medium,19,True,4,0,6,13,1,0.0,0.0,691.98,230.66,3,0.0,0.0
C100548,US,mobile,False,33,medium,28,True,2,0,3,19,3,0.0,0.0,174.98000000000002,87.49000000000001,2,0.0,0.0
C100549,IN,mobile,False,16,low,23,True,0,0,9,12,3,0.0,0.0,469.97,156.65666666666667,3,0.0,0.0
C100550,ES,mobile,True,6,low,10,True,1,0,3,7,1,0.0,0.0,9.99,9.99,1,0.0,0.0
C100551,MX,mobile,True,21,medium,22,True,7,0,3,18,3,0.0,0.0,272.96000000000004,68.24000000000001,4,0.0,0.0
C100552,AU,mobile,False,5,low,13,True,1,0,0,11,3,0.0,0.0,12.99,12.99,1,0.0,0.0
C100553,US,both,True,25,medium,21,True,2,0,4,16,4,0.0,0.0,379.97,126.65666666666668,3,0.0,0.0
C100554,IN,mobile,True,21,medium,22,True,4,0,8,15,2,0.0,0.0,109.97999999999999,54.989999999999995,2,0.0,0.0
C100555,AU,both,True,19,medium,19,True,2,0,3,16,5,0.0,0.0,42.98,21.49,2,0.0,0.0
C100556,CA,web,False,4,low,20,True,3,0,5,14,0,0.0,0.0,42.98,21.49,2,0.0,0.0
C100557,US,mobile,False,7,low,17,True,1,0,5,14,3,0.0,0.0,147.95999999999998,36.989999999999995,4,0.0,0.0
C100558,US,mobile,False,27,medium,20,True,3,0,6,14,2,0.0,0.0,219.98000000000002,109.99000000000001,2,0.0,0.0
C100559,US,mobile,False,15,low,17,True,2,0,8,11,3,0.0,0.0,1228.99,614.495,2,0.0,0.0
C100560,DE,mobile,True,51,medium,25,True,5,2,8,12,1,1.0,1.0,192.96,48.24,4,0.0,1.0
C100561,IN,web,True,5,low,19,True,2,0,5,16,1,0.0,0.0,32.98,16.49,2,0.0,0.0
C100562,US,web,True,40,medium,16,True,2,0,3,14,5,0.0,0.0,29.97,9.99,3,0.0,0.0
C100563,DE,mobile,False,17,low,13,True,0,0,3,10,3,0.0,0.0,24.99,24.99,1,0.0,0.0
C100564,US,mobile,True,8,low,20,True,3,0,8,11,4,0.0,0.0,239.98000000000002,119.99000000000001,2,0.0,0.0
C100565,US,mobile,True,48,medium,20,True,3,1,4,19,0,1.0,1.0,174.97,58.32333333333333,3,1.0,2.0
C100566,US,web,True,43,medium,14,True,2,0,3,7,3,0.0,0.0,259.97,86.65666666666668,3,0.0,0.0
C100567,US,both,True,65,high,18,True,2,0,4,14,2,0.0,0.0,89.99,89.99,1,0.0,0.0
C100568,US,web,True,29,medium,23,True,3,1,5,14,3,0.0,0.0,328.95000000000005,65.79,5,0.0,0.0
C100569,US,mobile,True,55,medium,26,True,6,1,4,18,4,0.0,0.0,252.94000000000003,42.15666666666667,6,0.0,1.0
C100570,DE,web,False,4,low,20,True,2,1,4,14,2,0.0,0.0,24.99,24.99,1,0.0,0.0
C100571,US,web,True,29,medium,15,True,5,1,1,12,1,1.0,1.0,1528.97,382.2425,4,2.0,3.0
C100572,US,web,True,22,medium,24,True,5,0,5,19,3,0.0,0.0,534.9300000000001,76.41857142857144,7,0.0,0.0
C100573,UK,mobile,False,15,low,22,True,4,0,5,15,1,0.0,0.0,9.99,9.99,1,0.0,0.0
C100574,AU,both,False,17,low,19,True,0,0,7,5,3,0.0,0.0,34.98,17.49,2,0.0,0.0
C100575,US,mobile,False,15,low,25,True,1,0,9,16,1,0.0,0.0,124.97999999999999,62.489999999999995,2,0.0,0.0
C100576,UK,both,True,51,medium,10,True,1,0,5,4,1,0.0,0.0,169.97,56.656666666666666,3,0.0,0.0
C100577,BR,web,True,25,medium,18,True,2,0,4,13,3,0.0,0.0,249.99,249.99,1,0.0,0.0
C100578,US,mobile,False,4,low,21,True,2,0,6,13,2,0.0,0.0,154.97,51.656666666666666,3,0.0,0.0
C100579,US,both,False,34,medium,21,True,2,0,2,17,1,0.0,0.0,79.98,39.99,2,0.0,0.0
C100580,DE,mobile,True,62,high,13,True,3,0,3,8,0,0.0,0.0,189.97,63.32333333333333,3,0.0,0.0
C100581,CA,mobile,True,21,medium,21,True,1,0,5,14,1,0.0,0.0,1743.97,435.9925,4,0.0,0.0
C100582,US,mobile,True,42,medium,20,True,3,0,8,11,3,0.0,0.0,528.99,264.495,2,0.0,0.0
C100583,AU,mobile,True,34,medium,26,True,4,0,6,18,4,0.0,0.0,349.95,69.99,5,0.0,0.0
C100584,CA,web,False,14,low,14,True,3,0,3,11,0,0.0,0.0,69.98,34.99,2,0.0,0.0
C100585,UK,mobile,False,46,medium,13,True,1,0,3,9,2,0.0,0.0,988.97,247.2425,4,0.0,0.0
C100586,US,mobile,True,43,medium,17,True,4,2,3,17,0,1.0,1.0,289.96,72.49,4,0.0,1.0
C100587,FR,web,False,35,medium,22,True,4,1,3,20,1,1.0,1.0,207.95999999999998,51.989999999999995,4,1.0,2.0
C100588,US,mobile,True,22,low,16,True,2,0,4,13,3,0.0,0.0,9.99,9.99,1,0.0,1.0
C100589,MX,mobile,False,16,low,25,True,0,0,3,19,2,0.0,0.0,29.99,29.99,1,0.0,0.0
C100590,US,web,False,30,medium,11,True,2,0,5,7,2,0.0,0.0,89.96000000000001,22.490000000000002,4,0.0,0.0
C100591,US,mobile,True,35,medium,16,True,1,0,3,11,4,0.0,0.0,379.95000000000005,75.99000000000001,5,0.0,0.0
C100592,IN,web,True,26,medium,17,True,2,0,6,12,2,0.0,0.0,788.99,394.495,2,0.0,0.0
C100593,BR,mobile,False,24,low,19,True,4,0,5,11,0,0.0,0.0,34.98,17.49,2,0.0,0.0
C100594,IN,web,True,39,medium,24,True,7,1,6,16,0,1.0,1.0,1088.95,181.49166666666667,6,0.0,1.0
C100595,US,mobile,True,46,medium,20,True,1,0,4,13,1,0.0,0.0,1613.98,537.9933333333333,3,0.0,1.0
C100596,US,both,False,14,low,10,True,1,0,4,9,0,0.0,0.0,189.98000000000002,94.99000000000001,2,0.0,0.0
C100597,US,mobile,False,29,low,18,True,1,0,6,12,2,0.0,0.0,9.99,9.99,1,0.0,0.0
C100598,AU,web,True,20,low,15,True,2,0,3,11,1,0.0,0.0,87.97,29.323333333333334,3,0.0,0.0
C100599,UK,mobile,False,3,low,22,True,4,1,6,12,4,1.0,1.0,199.98000000000002,99.99000000000001,2,0.0,1.0
C100600,AU,web,False,25,medium,13,True,2,0,1,13,3,0.0,0.0,419.97,139.99,3,0.0,0.0
C100601,US,mobile,False,26,low,20,True,2,0,6,15,1,0.0,0.0,299.98,149.99,2,0.0,0.0
C100602,FR,web,True,3,low,13,True,1,1,4,7,1,1.0,1.0,269.95,53.989999999999995,5,0.0,1.0
C100603,UK,mobile,False,30,medium,17,True,1,0,1,17,1,0.0,0.0,418.99,209.495,2,0.0,0.0
C100604,FR,web,False,2,low,16,True,1,0,5,9,1,0.0,0.0,179.98000000000002,89.99000000000001,2,0.0,0.0
C100605,US,both,False,19,medium,23,True,1,0,7,19,2,0.0,0.0,204.95,40.989999999999995,5,0.0,0.0
C100606,US,mobile,True,53,medium,24,True,3,0,4,15,3,0.0,0.0,309.95,61.989999999999995,5,0.0,0.0
C100607,US,web,True,47,medium,24,True,6,0,5,19,3,0.0,0.0,49.980000000000004,24.990000000000002,2,0.0,0.0
C100608,BR,mobile,True,39,medium,21,True,4,0,8,13,2,0.0,0.0,119.97999999999999,59.989999999999995,2,0.0,0.0
C100609,AU,mobile,False,18,low,15,True,3,0,3,12,2,0.0,0.0,249.99,249.99,1,0.0,0.0
C100610,US,mobile,False,24,low,19,True,3,0,6,10,2,0.0,0.0,379.97,126.65666666666668,3,0.0,0.0
C100611,US,both,True,41,medium,16,True,3,1,4,14,1,1.0,1.0,69.98,34.99,2,0.0,1.0
C100612,US,web,True,54,high,20,True,2,1,3,17,3,1.0,1.0,504.94,84.15666666666667,6,0.0,1.0
C100613,BR,both,False,8,low,19,True,1,0,7,14,0,0.0,0.0,55.97,18.656666666666666,3,0.0,0.0
C100614,ES,both,True,14,medium,16,True,4,2,7,11,1,1.0,1.0,59.970000000000006,19.990000000000002,3,0.0,1.0
C100615,US,mobile,True,16,medium,20,True,2,0,5,16,2,0.0,0.0,134.96,33.74,4,0.0,0.0
C100616,MX,web,True,45,medium,29,True,4,0,6,19,2,0.0,0.0,1298.97,324.7425,4,0.0,0.0
C100617,BR,mobile,False,29,medium,18,True,2,0,6,14,5,0.0,0.0,112.96,28.24,4,0.0,0.0
C100618,MX,web,False,28,low,19,True,4,0,5,12,1,0.0,0.0,112.97999999999999,56.489999999999995,2,0.0,1.0
C100619,CA,mobile,True,47,medium,16,True,2,0,5,10,1,0.0,0.0,159.98000000000002,79.99000000000001,2,0.0,0.0
C100620,DE,both,True,30,medium,14,True,1,0,5,8,6,0.0,0.0,189.98000000000002,94.99000000000001,2,0.0,0.0
C100621,US,web,True,32,medium,18,True,2,1,4,13,4,1.0,1.0,1658.96,331.79200000000003,5,1.0,2.0
C100622,US,web,False,13,low,18,True,5,0,2,16,2,0.0,0.0,25.98,12.99,2,0.0,1.0
C100623,US,mobile,False,29,low,22,True,3,0,8,15,2,0.0,0.0,249.99,249.99,1,0.0,0.0
C100624,US,web,True,32,medium,16,True,1,0,2,20,1,0.0,0.0,142.96,35.74,4,0.0,1.0
C100625,UK,mobile,False,11,low,22,True,0,0,10,12,1,0.0,0.0,189.98000000000002,94.99000000000001,2,0.0,0.0
C100626,MX,web,False,14,low,16,True,2,0,5,13,2,0.0,0.0,104.97999999999999,52.489999999999995,2,0.0,0.0
C100627,US,web,True,38,medium,17,True,1,1,3,14,1,0.0,0.0,187.97,62.656666666666666,3,0.0,1.0
C100628,CA,both,True,26,medium,18,True,2,0,3,15,4,0.0,0.0,988.97,247.2425,4,0.0,0.0
C100629,US,both,False,16,low,10,True,0,0,3,8,2,0.0,0.0,252.95000000000002,50.59,5,0.0,0.0
C100630,US,web,True,51,medium,27,True,2,0,7,18,5,0.0,0.0,114.97,38.32333333333333,3,0.0,0.0
C100631,CA,web,True,15,low,18,True,0,0,4,13,1,0.0,0.0,134.95999999999998,33.739999999999995,4,0.0,0.0
C100632,US,web,True,20,medium,17,True,3,0,3,12,2,0.0,0.0,464.95,92.99,5,0.0,1.0
C100633,US,both,True,8,medium,16,True,2,0,6,11,3,0.0,0.0,49.98,24.99,2,0.0,0.0
C100634,ES,web,False,9,low,22,True,3,0,7,12,3,0.0,0.0,99.99,99.99,1,0.0,0.0
C100635,DE,mobile,True,5,low,14,True,0,0,6,8,0,0.0,0.0,22.98,11.49,2,0.0,0.0
C100636,US,web,True,28,low,27,True,5,0,6,16,2,0.0,0.0,19.98,9.99,2,0.0,0.0
C100637,US,web,True,38,medium,19,True,2,0,4,21,2,0.0,0.0,322.94000000000005,53.823333333333345,6,0.0,0.0
C100638,IN,mobile,False,11,low,14,True,4,1,5,8,0,1.0,1.0,104.96,26.24,4,0.0,1.0
C100639,CA,both,True,57,high,18,True,2,1,4,15,1,1.0,1.0,239.97000000000003,79.99000000000001,3,0.0,1.0
C100640,BR,web,True,20,medium,13,True,1,1,3,7,2,1.0,1.0,648.99,324.495,2,0.0,1.0
C100641,US,mobile,True,28,medium,18,True,2,0,5,13,2,0.0,0.0,474.95,94.99,5,0.0,0.0
C100642,DE,web,True,56,medium,19,True,0,0,1,17,6,0.0,0.0,122.95,24.59,5,0.0,0.0
C100643,US,mobile,False,33,medium,25,True,5,0,3,17,4,0.0,0.0,29.979999999999997,14.989999999999998,2,0.0,0.0
C100644,UK,mobile,False,23,low,19,True,2,0,5,15,2,0.0,0.0,29.979999999999997,14.989999999999998,2,0.0,0.0
C100645,US,mobile,True,59,medium,11,True,2,0,2,9,1,0.0,0.0,244.95,48.989999999999995,5,0.0,0.0
C100646,MX,web,False,25,low,20,True,2,0,5,14,4,0.0,0.0,49.99,49.99,1,0.0,0.0
C100647,FR,both,True,20,medium,21,True,2,0,2,19,2,0.0,0.0,219.95000000000002,43.99,5,0.0,0.0
C100648,IN,both,False,24,medium,22,True,7,0,3,21,0,0.0,0.0,219.98000000000002,109.99000000000001,2,0.0,0.0
C100649,ES,mobile,False,21,low,18,True,3,1,3,15,4,0.0,0.0,52.980000000000004,26.490000000000002,2,0.0,0.0
C100650,UK,mobile,True,23,medium,25,True,3,0,8,14,5,0.0,0.0,259.95,51.989999999999995,5,0.0,0.0
C100651,FR,mobile,False,14,low,13,True,0,0,7,7,1,0.0,0.0,69.97,23.323333333333334,3,0.0,0.0
C100652,US,mobile,True,25,medium,19,True,4,0,5,13,2,0.0,0.0,64.98,32.49,2,0.0,0.0
C100653,MX,mobile,False,5,low,16,True,4,0,2,13,1,0.0,0.0,129.97,43.32333333333333,3,0.0,0.0
C100654,US,mobile,True,9,medium,18,True,4,1,3,13,3,1.0,1.0,1392.97,278.594,5,2.0,3.0
C100655,US,both,False,22,medium,23,True,1,0,2,15,3,0.0,0.0,926.95,154.49166666666667,6,0.0,0.0
C100656,DE,mobile,False,21,low,26,True,3,0,6,20,2,0.0,0.0,79.98,39.99,2,0.0,0.0
C100657,IN,mobile,False,28,low,18,True,0,0,3,14,2,0.0,0.0,54.98,27.49,2,0.0,0.0
C100658,US,mobile,False,36,medium,14,True,2,0,4,7,4,0.0,0.0,242.95999999999998,60.739999999999995,4,0.0,0.0
C100659,US,web,True,17,medium,15,True,3,0,1,15,1,0.0,0.0,39.98,19.99,2,0.0,0.0
C100660,DE,mobile,True,4,low,27,True,2,0,9,20,1,0.0,0.0,189.98000000000002,94.99000000000001,2,0.0,0.0
C100661,MX,mobile,True,39,medium,13,True,0,0,2,8,1,0.0,0.0,209.98000000000002,104.99000000000001,2,0.0,0.0
C100662,IN,both,False,23,medium,16,True,2,0,4,13,1,0.0,0.0,24.99,24.99,1,0.0,0.0
C100663,DE,mobile,False,33,medium,29,True,4,0,3,26,6,0.0,0.0,139.98000000000002,69.99000000000001,2,0.0,0.0
C100664,CA,both,True,46,high,22,True,3,0,2,19,1,0.0,0.0,1241.97,310.4925,4,0.0,0.0
C100665,IN,web,False,22,low,21,True,1,0,3,16,3,0.0,0.0,408.99,204.495,2,0.0,0.0
C100666,US,mobile,True,65,medium,17,True,2,0,6,13,5,0.0,0.0,269.98,134.99,2,0.0,0.0
C100667,IN,mobile,True,20,medium,19,True,4,0,5,16,1,0.0,0.0,159.97,53.32333333333333,3,0.0,0.0
C100668,DE,both,False,22,low,26,True,3,0,9,19,3,0.0,0.0,99.99,99.99,1,0.0,0.0
C100669,CA,web,False,10,low,16,True,2,0,5,13,1,0.0,0.0,74.98,37.49,2,0.0,0.0
C100670,US,mobile,False,3,low,21,True,3,0,7,15,5,0.0,0.0,124.96000000000001,31.240000000000002,4,0.0,0.0
C100671,ES,both,False,5,low,16,True,0,0,5,11,1,0.0,0.0,64.98,32.49,2,0.0,0.0
C100672,US,both,True,67,high,18,True,1,1,1,14,3,1.0,1.0,134.97,44.99,3,0.0,1.0
C100673,ES,mobile,False,8,low,19,True,1,0,12,8,1,0.0,0.0,329.98,164.99,2,0.0,0.0
C100674,US,mobile,False,24,low,16,True,2,0,3,13,2,0.0,0.0,49.99,49.99,1,0.0,0.0
C100675,UK,web,False,9,low,23,True,3,0,6,20,4,0.0,0.0,19.99,19.99,1,0.0,0.0
C100676,US,mobile,False,4,low,23,True,2,0,5,16,2,0.0,0.0,858.98,286.32666666666665,3,0.0,0.0
C100677,AU,both,True,37,medium,17,True,0,0,4,10,2,0.0,0.0,369.96000000000004,92.49000000000001,4,0.0,0.0
C100678,UK,mobile,True,11,medium,18,True,3,0,5,17,1,0.0,0.0,232.96,58.24,4,0.0,0.0
C100679,ES,web,True,42,medium,21,True,5,0,4,12,1,0.0,0.0,249.97000000000003,83.32333333333334,3,0.0,0.0
C100680,IN,both,True,32,medium,15,True,1,0,2,15,2,0.0,0.0,19.99,19.99,1,0.0,0.0
C100681,AU,both,True,33,medium,22,True,1,0,6,14,1,0.0,0.0,1408.97,352.2425,4,0.0,0.0
C100682,CA,both,True,15,medium,22,True,4,0,10,14,1,0.0,0.0,9.99,9.99,1,0.0,0.0
C100683,US,both,False,1,low,30,True,6,0,7,23,3,0.0,0.0,64.97,21.656666666666666,3,0.0,0.0
C100684,US,both,True,31,medium,18,True,0,0,4,13,3,0.0,0.0,152.97,50.99,3,0.0,0.0
C100685,US,web,True,20,medium,19,True,2,1,4,14,2,1.0,1.0,219.97000000000003,73.32333333333334,3,0.0,1.0
C100686,IN,mobile,False,7,low,22,True,1,0,6,15,4,0.0,0.0,219.98000000000002,109.99000000000001,2,0.0,0.0
C100687,IN,mobile,False,8,low,15,True,1,0,2,12,1,0.0,0.0,9.99,9.99,1,0.0,0.0
C100688,ES,mobile,True,47,medium,17,True,2,0,7,11,1,0.0,0.0,292.96000000000004,73.24000000000001,4,0.0,0.0
C100689,US,mobile,True,49,medium,20,True,4,1,2,16,4,0.0,0.0,132.97,44.32333333333333,3,0.0,0.0
C100690,US,both,True,26,medium,21,True,4,0,1,18,1,0.0,0.0,82.97,27.656666666666666,3,0.0,0.0
C100691,US,mobile,False,4,low,14,True,1,0,4,9,3,0.0,0.0,114.97999999999999,57.489999999999995,2,0.0,0.0
C100692,US,web,True,9,low,22,True,2,0,7,15,1,0.0,0.0,29.99,29.99,1,0.0,0.0
C100693,US,web,True,5,low,26,True,2,0,9,20,4,0.0,0.0,9.99,9.99,1,0.0,0.0
C100694,IN,both,True,51,high,18,True,3,0,1,12,7,0.0,0.0,210.94,35.156666666666666,6,0.0,0.0
C100695,US,both,True,32,medium,20,True,3,1,5,16,4,1.0,1.0,1028.97,257.2425,4,1.0,2.0
C100696,UK,mobile,False,13,low,25,True,3,0,6,11,6,0.0,0.0,109.97999999999999,54.989999999999995,2,0.0,0.0
C100697,US,mobile,True,23,medium,15,True,4,0,3,10,3,0.0,0.0,109.96,27.49,4,0.0,1.0
C100698,US,web,True,43,medium,21,True,2,0,4,13,3,0.0,0.0,414.96,103.74,4,0.0,0.0
C100699,UK,web,True,18,low,24,True,2,0,5,18,3,0.0,0.0,59.980000000000004,29.990000000000002,2,0.0,0.0
C100700,IN,both,True,11,medium,27,True,3,0,4,20,5,0.0,0.0,94.97,31.656666666666666,3,0.0,0.0
C100701,US,both,True,33,medium,16,True,3,0,3,13,0,0.0,0.0,402.96000000000004,100.74000000000001,4,0.0,0.0
C100702,US,mobile,True,5,low,20,True,3,0,6,13,0,0.0,0.0,239.97000000000003,79.99000000000001,3,0.0,0.0
C100703,IN,web,False,17,low,20,True,2,0,5,14,4,0.0,0.0,49.99,49.99,1,0.0,0.0
C100704,IN,mobile,True,9,low,12,True,1,0,4,7,1,0.0,0.0,69.97,23.323333333333334,3,0.0,0.0
C100705,UK,mobile,True,21,medium,31,True,6,1,4,27,2,0.0,0.0,112.96000000000001,28.240000000000002,4,0.0,0.0
C100706,DE,web,False,3,low,20,True,1,0,3,17,3,0.0,0.0,44.98,22.49,2,0.0,0.0
C100707,DE,both,True,61,high,15,True,1,0,1,15,0,0.0,0.0,49.980000000000004,24.990000000000002,2,0.0,0.0
C100708,UK,web,False,13,low,22,True,7,1,5,16,2,1.0,1.0,99.97999999999999,49.989999999999995,2,0.0,1.0
C100709,ES,mobile,True,15,medium,13,True,4,0,3,11,2,0.0,0.0,309.97,103.32333333333334,3,0.0,1.0
C100710,US,mobile,True,35,medium,19,True,0,0,3,14,1,0.0,0.0,2410.99,803.6633333333333,3,0.0,0.0
C100711,MX,mobile,True,31,medium,15,True,3,0,2,11,4,0.0,0.0,74.96,18.74,4,0.0,0.0
C100712,US,web,False,23,low,26,True,4,0,7,20,3,0.0,0.0,19.99,19.99,1,0.0,0.0
C100713,CA,both,False,24,medium,14,True,1,0,4,8,2,0.0,0.0,325.95000000000005,65.19000000000001,5,0.0,0.0
C100714,UK,mobile,False,15,low,19,True,3,0,5,12,2,0.0,0.0,199.98000000000002,99.99000000000001,2,0.0,0.0
C100715,US,mobile,False,14,low,24,True,1,0,9,11,3,0.0,0.0,362.96000000000004,90.74000000000001,4,0.0,0.0
C100716,IN,both,False,9,low,23,True,2,0,6,10,2,0.0,0.0,49.99,49.99,1,0.0,0.0
C100717,DE,web,True,24,medium,28,True,2,0,3,19,1,0.0,0.0,404.94000000000005,67.49000000000001,6,0.0,0.0
C100718,US,mobile,False,22,low,19,True,2,0,8,13,2,0.0,0.0,37.98,18.99,2,0.0,0.0
C100719,US,mobile,True,47,medium,17,True,4,0,3,14,4,0.0,0.0,199.98000000000002,99.99000000000001,2,0.0,0.0
C100720,FR,web,True,9,low,16,True,0,0,6,9,2,0.0,0.0,29.979999999999997,14.989999999999998,2,0.0,0.0
C100721,IN,both,False,15,medium,18,True,3,0,3,13,2,0.0,0.0,84.97,28.323333333333334,3,0.0,1.0
C100722,US,mobile,False,36,medium,8,True,3,0,2,6,0,0.0,0.0,149.97,49.99,3,0.0,0.0
C100723,AU,both,True,40,medium,14,True,3,0,4,12,2,0.0,0.0,364.94,60.82333333333333,6,0.0,0.0
C100724,US,mobile,True,17,medium,20,True,5,1,6,15,3,1.0,1.0,741.98,247.32666666666668,3,1.0,2.0
C100725,IN,mobile,True,35,medium,9,True,1,0,3,12,0,0.0,0.0,59.980000000000004,29.990000000000002,2,0.0,0.0
C100726,ES,web,False,25,medium,27,True,3,0,6,14,3,0.0,0.0,184.97,61.656666666666666,3,0.0,0.0
C100727,MX,web,True,31,medium,16,True,2,0,4,12,3,0.0,0.0,202.97000000000003,67.65666666666668,3,0.0,0.0
C100728,US,mobile,True,49,high,23,True,5,1,1,19,3,1.0,1.0,554.96,138.74,4,1.0,2.0
C100729,US,mobile,True,6,low,22,True,1,0,9,8,3,0.0,0.0,99.98,49.99,2,0.0,0.0
C100730,US,web,True,56,medium,16,True,0,0,5,8,2,0.0,0.0,169.98000000000002,84.99000000000001,2,0.0,0.0
C100731,US,both,True,50,high,16,True,1,0,2,14,1,0.0,0.0,227.95,45.589999999999996,5,0.0,0.0
C100732,IN,mobile,False,37,medium,30,True,8,1,5,22,1,1.0,1.0,1093.96,218.792,5,0.0,1.0
C100733,US,mobile,False,5,low,16,True,2,0,6,13,1,0.0,0.0,202.97000000000003,67.65666666666668,3,0.0,0.0
C100734,US,both,False,14,low,13,True,1,0,3,7,3,0.0,0.0,59.980000000000004,29.990000000000002,2,0.0,0.0
C100735,US,web,True,15,low,18,True,2,0,9,10,0,0.0,0.0,52.980000000000004,26.490000000000002,2,0.0,0.0
C100736,UK,web,False,11,low,21,True,3,1,4,15,2,1.0,1.0,124.95,24.990000000000002,5,0.0,1.0
C100737,US,both,True,9,low,27,True,1,0,3,23,4,0.0,0.0,39.99,39.99,1,0.0,1.0
C100738,US,both,False,17,medium,16,True,3,0,4,11,1,0.0,0.0,99.97999999999999,49.989999999999995,2,0.0,0.0
C100739,CA,mobile,True,19,medium,18,True,3,1,5,11,3,1.0,1.0,1427.97,285.594,5,2.0,3.0
C100740,DE,web,False,35,medium,33,True,3,0,4,29,5,0.0,0.0,39.98,19.99,2,0.0,0.0
C100741,IN,mobile,True,6,medium,18,True,2,0,2,17,3,0.0,0.0,1683.95,280.65833333333336,6,0.0,0.0
C100742,MX,web,False,7,low,26,True,1,0,10,15,0,0.0,0.0,99.99,99.99,1,0.0,0.0
C100743,IN,web,False,25,low,19,True,1,0,1,13,3,0.0,0.0,49.99,49.99,1,0.0,0.0
C100744,MX,mobile,True,27,medium,26,True,5,0,5,19,5,0.0,0.0,179.97,59.99,3,0.0,0.0
C100745,MX,mobile,False,6,low,18,True,0,0,8,8,0,0.0,0.0,79.98,39.99,2,0.0,0.0
C100746,AU,web,False,5,low,18,True,3,0,3,13,1,0.0,0.0,54.97,18.323333333333334,3,0.0,0.0
C100747,UK,mobile,True,34,medium,21,True,1,0,5,13,3,0.0,0.0,713.95,118.99166666666667,6,0.0,0.0
C100748,CA,web,False,18,low,19,True,3,0,7,10,1,0.0,0.0,9.99,9.99,1,0.0,1.0
C100749,IN,web,False,18,low,19,True,3,0,4,13,1,0.0,0.0,9.99,9.99,1,0.0,0.0
C100750,DE,mobile,True,43,medium,24,True,3,0,6,20,4,0.0,0.0,189.97000000000003,63.323333333333345,3,0.0,0.0
C100751,DE,mobile,False,31,medium,9,True,3,0,2,7,1,0.0,0.0,439.97,146.65666666666667,3,0.0,0.0
C100752,US,both,True,37,medium,16,True,2,0,3,12,0,0.0,0.0,359.97,119.99000000000001,3,0.0,0.0
C100753,IN,both,False,16,low,17,True,4,0,2,13,1,0.0,0.0,773.98,257.99333333333334,3,0.0,1.0
C100754,US,both,False,8,low,14,True,3,0,5,12,1,0.0,0.0,104.96000000000001,26.240000000000002,4,0.0,0.0
C100755,US,both,True,44,high,18,True,4,0,0,17,2,0.0,0.0,69.98,34.99,2,0.0,0.0
C100756,US,web,True,49,medium,11,True,2,0,1,12,2,0.0,0.0,99.97,33.32333333333333,3,0.0,0.0
C100757,US,mobile,False,20,low,21,True,2,1,8,15,2,1.0,1.0,79.99,79.99,1,0.0,1.0
C100758,UK,web,True,34,medium,18,True,5,0,5,14,2,0.0,0.0,179.99,179.99,1,0.0,0.0
C100759,UK,mobile,True,30,medium,25,True,3,0,5,20,3,0.0,0.0,315.93,45.13285714285714,7,0.0,0.0
C100760,FR,mobile,True,6,low,17,True,1,0,4,13,4,0.0,0.0,144.97,48.32333333333333,3,0.0,0.0
C100761,US,web,False,6,low,17,True,2,0,5,13,2,0.0,0.0,34.98,17.49,2,0.0,0.0
C100762,ES,mobile,False,24,low,10,True,0,0,5,5,2,0.0,0.0,24.99,24.99,1,0.0,0.0
C100763,CA,web,True,45,medium,20,True,3,0,2,19,3,0.0,0.0,79.98,39.99,2,0.0,0.0
C100764,UK,mobile,True,14,low,24,True,3,0,9,18,0,0.0,0.0,1499.0,1499.0,1,0.0,0.0
C100765,FR,web,True,40,medium,12,True,1,0,1,10,2,0.0,0.0,489.95000000000005,97.99000000000001,5,0.0,0.0
C100766,IN,mobile,True,43,medium,23,True,4,0,2,18,4,0.0,0.0,504.94,84.15666666666667,6,0.0,0.0
C100767,UK,mobile,False,3,low,20,True,5,1,4,16,2,1.0,1.0,179.98000000000002,89.99000000000001,2,0.0,1.0
C100768,BR,mobile,False,4,low,21,True,1,0,5,17,2,0.0,0.0,229.98000000000002,114.99000000000001,2,0.0,0.0
C100769,UK,web,True,36,medium,20,True,3,1,3,18,1,1.0,1.0,1428.96,285.79200000000003,5,0.0,1.0
C100770,DE,mobile,False,35,medium,16,True,2,0,5,11,1,0.0,0.0,613.96,122.792,5,0.0,0.0
C100771,US,mobile,False,9,low,15,True,1,0,4,10,0,0.0,0.0,102.97999999999999,51.489999999999995,2,0.0,0.0
C100772,ES,both,False,14,low,13,True,2,0,3,10,0,0.0,0.0,49.99,49.99,1,0.0,0.0
C100773,UK,both,True,38,medium,23,True,2,0,6,20,4,0.0,0.0,1443.95,240.65833333333333,6,0.0,1.0
C100774,DE,mobile,False,19,low,19,True,2,0,3,18,3,0.0,0.0,29.99,29.99,1,0.0,0.0
C100775,US,both,False,32,low,21,True,0,0,11,9,2,0.0,0.0,329.97,109.99000000000001,3,0.0,0.0
C100776,US,both,True,36,medium,25,True,3,0,5,20,2,0.0,0.0,479.96000000000004,119.99000000000001,4,0.0,0.0
C100777,US,both,True,6,medium,28,True,6,0,6,19,2,0.0,0.0,1041.98,347.32666666666665,3,0.0,0.0
C100778,US,mobile,False,16,low,20,True,0,0,10,7,3,0.0,0.0,289.96000000000004,72.49000000000001,4,0.0,0.0
C100779,US,both,True,23,medium,22,True,3,0,4,15,4,0.0,0.0,194.96,48.74,4,0.0,1.0
C100780,IN,web,False,23,low,17,True,0,0,2,12,1,0.0,0.0,374.97,124.99000000000001,3,0.0,0.0
C100781,US,web,True,5,low,20,True,1,0,7,15,1,0.0,0.0,109.97,36.656666666666666,3,0.0,0.0
C100782,IN,both,False,24,low,21,True,3,0,6,13,0,0.0,0.0,199.98000000000002,99.99000000000001,2,0.0,0.0
C100783,US,web,True,40,medium,22,True,3,0,4,17,7,0.0,0.0,212.97000000000003,70.99000000000001,3,0.0,0.0
C100784,ES,both,False,17,medium,13,True,1,0,5,11,0,0.0,0.0,768.96,153.792,5,0.0,0.0
C100785,US,mobile,False,28,low,19,True,3,0,6,11,3,0.0,0.0,29.99,29.99,1,0.0,0.0
C100786,IN,web,True,27,medium,20,True,2,1,4,16,1,1.0,1.0,299.98,149.99,2,1.0,2.0
C100787,US,both,True,19,medium,18,True,2,0,3,14,5,0.0,0.0,99.97,33.32333333333333,3,0.0,0.0
C100788,US,mobile,True,19,low,34,True,2,0,10,22,2,0.0,0.0,29.979999999999997,14.989999999999998,2,0.0,0.0
C100789,IN,web,False,21,low,19,True,1,0,9,6,0,0.0,0.0,99.97,33.32333333333333,3,0.0,0.0
C100790,US,both,True,36,medium,27,True,3,0,3,20,6,0.0,0.0,129.96,32.49,4,0.0,0.0
C100791,IN,web,True,43,medium,17,True,1,0,4,14,1,0.0,0.0,139.95,27.99,5,0.0,0.0
C100792,US,mobile,True,23,low,22,True,3,0,7,18,1,0.0,0.0,29.99,29.99,1,0.0,1.0
C100793,US,both,True,7,medium,18,True,1,0,2,17,2,0.0,0.0,372.93,53.27571428571429,7,0.0,0.0
C100794,MX,mobile,True,27,medium,24,True,2,0,5,15,4,0.0,0.0,114.96,28.74,4,0.0,1.0
C100795,IN,mobile,True,44,medium,11,True,0,0,4,9,3,0.0,0.0,222.96,55.74,4,0.0,0.0
C100796,IN,both,False,3,low,26,True,1,0,10,17,3,0.0,0.0,39.99,39.99,1,0.0,0.0
C100797,US,mobile,True,46,medium,20,True,3,1,4,13,3,1.0,1.0,359.96000000000004,89.99000000000001,4,1.0,2.0
C100798,IN,mobile,False,18,low,15,True,3,0,3,9,3,0.0,0.0,192.96999999999997,64.32333333333332,3,0.0,0.0
C100799,US,web,False,21,low,17,True,2,0,5,10,3,0.0,0.0,19.99,19.99,1,0.0,0.0
C100800,CA,web,True,9,low,15,True,2,0,4,13,1,0.0,0.0,82.97,27.656666666666666,3,0.0,0.0
C100801,CA,web,True,12,medium,20,True,2,0,5,13,2,0.0,0.0,121.92999999999999,17.41857142857143,7,0.0,0.0
C100802,US,both,True,34,medium,28,True,1,0,2,17,5,0.0,0.0,144.95,28.99,5,0.0,0.0
C100803,AU,mobile,False,12,low,15,True,0,0,5,10,2,0.0,0.0,269.97,89.99000000000001,3,0.0,0.0
C100804,US,mobile,True,4,low,18,True,0,0,4,13,2,0.0,0.0,49.99,49.99,1,0.0,0.0
C100805,IN,web,False,6,low,15,True,1,0,5,8,1,0.0,0.0,162.95999999999998,40.739999999999995,4,0.0,1.0
C100806,AU,mobile,False,2,low,20,True,1,0,6,11,1,0.0,0.0,304.96000000000004,76.24000000000001,4,0.0,0.0
C100807,US,mobile,False,3,low,29,True,3,1,8,17,6,1.0,1.0,119.97999999999999,59.989999999999995,2,0.0,1.0
C100808,US,web,True,47,medium,21,True,2,0,6,15,1,0.0,0.0,274.96000000000004,68.74000000000001,4,0.0,0.0
C100809,US,both,True,21,medium,19,True,3,1,2,16,2,1.0,1.0,59.980000000000004,29.990000000000002,2,0.0,1.0
C100810,US,both,True,22,medium,16,True,2,0,4,13,0,0.0,0.0,222.95,44.589999999999996,5,0.0,0.0
C100811,US,mobile,True,58,high,23,True,4,1,3,18,3,1.0,1.0,449.96000000000004,112.49000000000001,4,1.0,2.0
C100812,US,web,True,44,medium,21,True,1,0,2,20,1,0.0,0.0,54.98,27.49,2,0.0,0.0
C100813,US,both,True,23,medium,13,True,2,0,1,9,3,0.0,0.0,1383.97,345.9925,4,0.0,0.0
C100814,BR,mobile,True,31,medium,20,True,1,0,2,18,1,0.0,0.0,29.99,29.99,1,0.0,0.0
C100815,FR,both,True,6,medium,23,True,5,0,7,16,3,0.0,0.0,519.9300000000001,74.2757142857143,7,0.0,0.0
C100816,MX,web,True,51,high,15,True,1,0,5,10,0,0.0,0.0,52.980000000000004,26.490000000000002,2,0.0,0.0
C100817,FR,mobile,False,15,low,24,True,1,0,8,15,3,0.0,0.0,89.97999999999999,44.989999999999995,2,0.0,0.0
C100818,BR,mobile,False,28,low,14,True,1,0,4,8,1,0.0,0.0,1348.99,674.495,2,0.0,1.0
C100819,UK,web,True,16,low,19,True,3,0,9,11,0,0.0,0.0,104.96,26.24,4,0.0,0.0
C100820,ES,mobile,False,36,medium,20,True,2,0,4,13,5,0.0,0.0,808.96,161.792,5,0.0,0.0
C100821,IN,web,True,12,low,22,True,4,1,6,16,2,1.0,1.0,179.97,59.99,3,0.0,1.0
C100822,US,mobile,True,60,high,17,True,2,0,2,11,5,0.0,0.0,79.98,39.99,2,0.0,0.0
C100823,AU,mobile,True,41,medium,18,True,2,0,1,13,1,0.0,0.0,1055.9,105.59,10,0.0,0.0
C100824,US,both,True,9,medium,24,True,2,0,6,15,4,0.0,0.0,1253.97,313.4925,4,0.0,0.0
C100825,AU,mobile,False,18,low,15,True,2,0,0,14,0,0.0,0.0,67.97,22.656666666666666,3,0.0,0.0
C100826,US,mobile,True,55,medium,16,True,3,0,5,11,2,0.0,0.0,174.97000000000003,58.323333333333345,3,0.0,0.0
C100827,US,mobile,True,35,medium,20,True,3,0,9,14,0,0.0,0.0,564.97,141.2425,4,0.0,0.0
C100828,MX,mobile,False,18,low,13,True,2,0,3,12,2,0.0,0.0,24.99,24.99,1,0.0,0.0
C100829,US,mobile,True,19,medium,23,True,4,0,2,19,3,0.0,0.0,162.97000000000003,54.323333333333345,3,0.0,0.0
C100830,IN,mobile,False,28,low,23,True,4,0,8,13,3,0.0,0.0,59.980000000000004,29.990000000000002,2,0.0,0.0
C100831,US,mobile,False,40,medium,15,True,3,0,3,13,1,0.0,0.0,89.98,44.99,2,0.0,0.0
C100832,IN,mobile,True,14,medium,12,True,1,0,2,11,2,0.0,0.0,908.99,454.495,2,0.0,0.0
C100833,US,mobile,False,11,low,21,True,3,0,7,15,2,0.0,0.0,179.98000000000002,89.99000000000001,2,0.0,0.0
C100834,UK,both,True,45,medium,23,True,5,1,2,22,3,1.0,1.0,339.95000000000005,67.99000000000001,5,1.0,2.0
C100835,IN,web,True,16,medium,16,True,4,0,2,17,2,0.0,0.0,12.99,12.99,1,0.0,1.0
C100836,BR,both,False,20,medium,27,True,4,1,4,17,3,0.0,0.0,74.98,37.49,2,0.0,0.0
C100837,UK,web,False,19,low,24,True,3,0,6,14,3,0.0,0.0,29.99,29.99,1,0.0,0.0
C100838,MX,both,True,21,medium,21,True,3,0,3,19,4,0.0,0.0,149.99,149.99,1,0.0,1.0
C100839,US,both,True,42,medium,18,True,2,0,4,13,4,0.0,0.0,62.97,20.99,3,0.0,0.0
C100840,US,web,True,18,medium,19,True,4,0,4,15,1,0.0,0.0,279.98,139.99,2,0.0,0.0
C100841,AU,mobile,False,18,low,21,True,5,0,7,17,0,0.0,0.0,19.99,19.99,1,0.0,0.0
C100842,IN,mobile,True,38,medium,30,True,6,1,6,20,2,0.0,0.0,119.97999999999999,59.989999999999995,2,0.0,0.0
C100843,CA,mobile,False,40,medium,16,True,3,1,3,11,1,0.0,0.0,109.97,36.656666666666666,3,0.0,0.0
C100844,UK,both,True,35,medium,25,True,3,0,8,19,4,0.0,0.0,518.99,259.495,2,0.0,1.0
C100845,US,both,False,23,medium,14,True,2,0,4,12,0,0.0,0.0,129.99,129.99,1,0.0,0.0
C100846,US,mobile,True,17,medium,23,True,8,0,2,20,3,0.0,0.0,324.95,64.99,5,0.0,0.0
C100847,IN,both,True,33,medium,19,True,4,0,4,18,3,0.0,0.0,209.98000000000002,104.99000000000001,2,0.0,1.0
C100848,UK,both,False,3,low,7,True,0,0,5,4,0,0.0,0.0,448.99,224.495,2,0.0,0.0
C100849,US,mobile,False,9,low,21,True,3,1,5,13,1,1.0,1.0,279.97,93.32333333333334,3,1.0,2.0
C100850,US,mobile,True,67,high,16,True,5,0,3,13,1,0.0,0.0,62.97,20.99,3,0.0,0.0
C100851,IN,mobile,False,19,low,24,True,1,0,3,16,4,0.0,0.0,219.98000000000002,109.99000000000001,2,0.0,0.0
C100852,BR,both,False,19,medium,16,True,1,1,5,12,1,1.0,1.0,289.96000000000004,72.49000000000001,4,0.0,1.0
C100853,AU,mobile,False,29,medium,19,True,2,1,3,14,3,1.0,1.0,152.95999999999998,38.239999999999995,4,0.0,1.0
C100854,US,mobile,False,12,low,21,True,3,1,5,12,1,0.0,0.0,49.98,24.99,2,0.0,0.0
C100855,US,both,False,25,medium,24,True,3,0,5,17,3,0.0,0.0,1123.95,187.32500000000002,6,0.0,0.0
C100856,MX,mobile,False,13,low,22,True,4,0,5,16,1,0.0,0.0,79.98,39.99,2,0.0,0.0
C100857,ES,both,False,2,low,22,True,1,0,11,12,1,0.0,0.0,39.98,19.99,2,0.0,0.0
C100858,IN,web,True,10,low,22,True,3,0,10,13,2,0.0,0.0,69.97,23.323333333333334,3,0.0,0.0
C100859,US,both,True,7,low,21,True,1,1,5,16,5,1.0,1.0,9.99,9.99,1,0.0,1.0
C100860,IN,mobile,False,29,medium,20,True,2,0,3,15,1,0.0,0.0,274.98,137.49,2,0.0,0.0
C100861,CA,web,True,54,medium,20,True,4,0,4,15,2,0.0,0.0,124.97999999999999,62.489999999999995,2,0.0,0.0
C100862,FR,both,False,15,low,19,True,0,0,2,16,2,0.0,0.0,29.99,29.99,1,0.0,0.0
C100863,UK,mobile,True,31,medium,26,True,8,0,5,23,1,0.0,0.0,65.97,21.99,3,0.0,0.0
C100864,ES,both,False,20,low,11,True,0,0,3,7,1,0.0,0.0,59.980000000000004,29.990000000000002,2,0.0,0.0
C100865,IN,mobile,False,30,low,23,True,3,0,8,17,1,0.0,0.0,69.98,34.99,2,0.0,0.0
C100866,US,web,True,6,low,14,True,3,0,3,10,1,0.0,0.0,89.99,89.99,1,0.0,0.0
C100867,UK,both,True,27,medium,12,True,3,0,1,13,0,0.0,0.0,39.98,19.99,2,0.0,0.0
C100868,DE,mobile,True,23,medium,19,True,4,0,2,17,1,0.0,0.0,698.96,139.792,5,0.0,0.0
C100869,IN,mobile,False,2,low,14,True,2,0,7,7,1,0.0,0.0,42.98,21.49,2,0.0,0.0
C100870,BR,mobile,False,10,low,24,True,4,0,4,15,4,0.0,0.0,538.99,269.495,2,0.0,0.0
C100871,AU,mobile,True,24,medium,17,True,1,1,4,12,0,1.0,1.0,938.99,469.495,2,1.0,2.0
C100872,US,mobile,True,24,medium,14,True,2,1,3,10,1,0.0,0.0,169.97,56.656666666666666,3,0.0,0.0
C100873,UK,web,False,14,low,15,True,0,0,5,11,0,0.0,0.0,9.99,9.99,1,0.0,0.0
C100874,CA,mobile,True,13,low,8,True,0,0,1,9,2,0.0,0.0,209.98000000000002,104.99000000000001,2,0.0,0.0
C100875,US,mobile,True,35,medium,17,True,3,0,5,14,2,0.0,0.0,608.97,152.2425,4,0.0,0.0
C100876,US,both,False,4,low,15,True,3,0,5,11,2,0.0,0.0,49.98,24.99,2,0.0,0.0
C100877,US,mobile,True,26,low,19,True,1,0,7,14,2,0.0,0.0,19.99,19.99,1,0.0,1.0
C100878,IN,mobile,False,6,low,14,True,1,0,5,10,2,0.0,0.0,129.96,32.49,4,0.0,1.0
C100879,BR,both,False,13,low,22,True,2,0,6,17,1,0.0,0.0,274.98,137.49,2,0.0,1.0
C100880,IN,web,True,35,medium,21,True,2,0,4,16,2,0.0,0.0,149.99,149.99,1,0.0,0.0
C100881,US,web,True,53,high,22,True,5,1,4,21,2,0.0,0.0,162.94,27.156666666666666,6,0.0,0.0
C100882,IN,web,False,5,low,17,True,0,0,6,16,2,0.0,0.0,52.97,17.656666666666666,3,0.0,0.0
C100883,BR,mobile,True,29,medium,20,True,3,0,4,14,1,0.0,0.0,119.97,39.99,3,0.0,0.0
C100884,MX,mobile,True,21,medium,19,True,3,0,2,14,1,0.0,0.0,826.97,206.7425,4,0.0,0.0
C100885,IN,both,False,28,medium,26,True,3,0,4,22,6,0.0,0.0,279.98,139.99,2,0.0,0.0
C100886,UK,mobile,True,48,medium,16,True,3,0,3,12,1,0.0,0.0,334.94,55.82333333333333,6,0.0,0.0
C100887,FR,web,False,3,low,19,True,3,0,4,16,1,0.0,0.0,129.99,129.99,1,0.0,0.0
C100888,US,both,True,2,low,21,True,4,3,6,11,3,1.0,1.0,838.98,279.66,3,1.0,2.0
C100889,US,web,True,27,medium,15,True,1,0,9,8,0,0.0,0.0,499.98,249.99,2,0.0,1.0
C100890,US,mobile,True,21,medium,24,True,4,1,1,19,4,1.0,1.0,2007.99,669.33,3,2.0,3.0
C100891,IN,both,False,32,medium,22,True,8,0,2,17,5,0.0,0.0,164.97,54.99,3,0.0,0.0
C100892,US,mobile,True,42,medium,19,True,4,1,6,13,0,1.0,1.0,9.99,9.99,1,0.0,1.0
C100893,MX,web,True,15,low,24,True,3,1,12,13,2,0.0,0.0,1133.97,283.4925,4,0.0,0.0
C100894,IN,web,False,19,low,21,True,1,0,8,14,2,0.0,0.0,39.99,39.99,1,0.0,1.0
C100895,ES,both,False,34,medium,18,True,2,0,3,13,3,0.0,0.0,1447.98,361.995,4,0.0,0.0
C100896,CA,mobile,True,26,medium,12,True,2,0,3,10,3,0.0,0.0,142.97,47.656666666666666,3,0.0,0.0
C100897,US,mobile,True,53,medium,20,True,4,0,3,17,3,0.0,0.0,149.96,37.49,4,0.0,0.0
C100898,IN,mobile,True,30,medium,30,True,5,0,1,25,4,0.0,0.0,314.97,104.99000000000001,3,0.0,0.0
C100899,CA,web,True,64,high,17,True,4,0,2,17,1,0.0,0.0,1588.97,397.2425,4,0.0,0.0
C100900,IN,mobile,False,16,low,20,True,0,0,5,16,0,0.0,0.0,69.98,34.99,2,0.0,0.0
C100901,MX,mobile,False,6,low,20,True,2,0,7,12,4,0.0,0.0,129.99,129.99,1,0.0,0.0
C100902,UK,web,True,24,medium,21,True,5,0,5,17,2,0.0,0.0,29.99,29.99,1,0.0,0.0
C100903,BR,web,False,32,low,26,True,4,0,9,15,3,0.0,0.0,19.99,19.99,1,0.0,0.0
C100904,US,mobile,True,17,medium,21,True,3,2,2,16,5,0.0,0.0,1348.95,224.82500000000002,6,0.0,0.0
C100905,US,mobile,True,58,medium,23,True,5,0,4,15,5,0.0,0.0,159.96999999999997,53.32333333333332,3,0.0,0.0
C100906,US,web,False,11,low,23,True,1,0,2,17,2,0.0,0.0,149.97,49.99,3,0.0,0.0
C100907,US,web,False,5,low,30,True,2,0,7,18,4,0.0,0.0,129.99,129.99,1,0.0,1.0
C100908,FR,both,False,31,medium,14,True,3,1,5,11,1,1.0,1.0,99.98,49.99,2,0.0,1.0
C100909,US,mobile,False,19,medium,20,True,3,0,3,16,8,0.0,0.0,379.97,126.65666666666668,3,0.0,0.0
C100910,US,mobile,False,13,low,18,True,3,1,6,12,2,1.0,1.0,224.97,74.99,3,0.0,1.0
C100911,DE,mobile,True,57,high,15,True,1,0,4,8,3,0.0,0.0,92.97,30.99,3,0.0,0.0
C100912,BR,mobile,False,5,low,19,True,2,0,8,14,2,0.0,0.0,109.97,36.656666666666666,3,0.0,0.0
C100913,CA,mobile,True,11,low,17,True,3,0,4,12,3,0.0,0.0,109.97,36.656666666666666,3,0.0,0.0
C100914,US,mobile,True,22,medium,19,True,2,0,2,15,0,0.0,0.0,99.99,99.99,1,0.0,0.0
C100915,FR,mobile,False,25,low,29,True,2,0,9,19,1,0.0,0.0,169.97,56.656666666666666,3,0.0,0.0
C100916,MX,mobile,False,6,low,21,True,6,1,5,15,5,1.0,1.0,109.97999999999999,54.989999999999995,2,0.0,1.0
C100917,DE,both,True,30,medium,19,True,3,1,6,15,2,1.0,1.0,2680.95,382.99285714285713,7,2.0,3.0
C100918,US,mobile,False,27,medium,19,True,6,1,3,16,0,0.0,0.0,19.99,19.99,1,0.0,0.0
C100919,US,mobile,False,23,low,16,True,1,0,6,10,3,0.0,0.0,921.96,184.392,5,0.0,0.0
C100920,US,mobile,True,47,medium,31,True,3,0,4,24,6,0.0,0.0,99.97999999999999,49.989999999999995,2,0.0,1.0
C100921,BR,mobile,False,18,low,20,True,0,0,6,10,1,0.0,0.0,62.980000000000004,31.490000000000002,2,0.0,0.0
C100922,FR,both,False,6,low,22,True,4,0,6,16,3,0.0,0.0,249.99,249.99,1,0.0,0.0
C100923,US,both,False,11,low,18,True,0,0,2,17,3,0.0,0.0,59.97,19.99,3,0.0,0.0
C100924,FR,both,True,27,medium,21,True,1,0,4,13,1,0.0,0.0,1508.99,754.495,2,0.0,0.0
C100925,AU,web,False,7,low,19,True,1,0,3,13,3,0.0,0.0,89.97999999999999,44.989999999999995,2,0.0,1.0
C100926,MX,mobile,False,20,low,20,True,5,0,5,15,0,0.0,0.0,9.99,9.99,1,0.0,0.0
C100927,FR,mobile,False,20,low,20,True,0,0,8,13,3,0.0,0.0,149.99,149.99,1,0.0,0.0
C100928,AU,mobile,True,51,medium,20,True,1,1,5,14,5,1.0,1.0,212.95999999999998,53.239999999999995,4,1.0,2.0
C100929,FR,mobile,True,35,medium,19,True,2,1,5,17,1,1.0,1.0,242.97000000000003,80.99000000000001,3,0.0,1.0
C100930,MX,both,False,11,low,13,True,1,0,5,8,2,0.0,0.0,9.99,9.99,1,0.0,0.0
C100931,ES,mobile,True,29,medium,21,True,4,1,4,13,6,1.0,1.0,888.96,177.792,5,1.0,2.0
C100932,CA,mobile,True,6,low,19,True,1,0,7,12,0,0.0,0.0,89.98,44.99,2,0.0,0.0
C100933,UK,mobile,True,52,medium,18,True,5,0,1,14,1,0.0,0.0,119.97999999999999,59.989999999999995,2,0.0,0.0
C100934,US,both,True,59,high,14,True,3,0,1,13,2,0.0,0.0,24.99,24.99,1,0.0,0.0
C100935,IN,mobile,False,22,medium,19,True,5,0,1,16,2,0.0,0.0,219.98000000000002,109.99000000000001,2,0.0,0.0
C100936,ES,web,True,9,low,28,True,5,1,7,19,5,1.0,1.0,978.97,244.7425,4,1.0,2.0
C100937,ES,mobile,True,56,medium,26,True,4,0,9,19,3,0.0,0.0,172.95999999999998,43.239999999999995,4,0.0,0.0
C100938,US,web,False,10,low,25,True,2,0,11,12,2,0.0,0.0,39.98,19.99,2,0.0,0.0
C100939,US,web,True,21,medium,20,True,3,0,4,14,1,0.0,0.0,19.99,19.99,1,0.0,0.0
C100940,IN,mobile,False,28,medium,21,True,1,0,5,16,4,0.0,0.0,79.98,39.99,2,0.0,0.0
C100941,US,web,True,29,medium,12,True,2,0,3,11,3,0.0,0.0,129.97,43.32333333333333,3,0.0,0.0
C100942,US,mobile,False,18,low,28,True,1,0,8,20,2,0.0,0.0,89.98,44.99,2,0.0,0.0
C100943,US,both,False,16,low,17,True,4,0,3,13,2,0.0,0.0,878.98,292.99333333333334,3,0.0,0.0
C100944,IN,both,False,16,low,18,True,1,0,5,11,1,0.0,0.0,579.96,144.99,4,0.0,0.0
C100945,US,mobile,True,36,medium,14,True,0,0,3,9,1,0.0,0.0,82.97,27.656666666666666,3,0.0,0.0
C100946,US,web,True,27,medium,16,True,2,1,4,13,0,1.0,1.0,559.95,111.99000000000001,5,0.0,1.0
C100947,ES,web,False,5,low,22,True,3,0,6,16,5,0.0,0.0,49.98,24.99,2,0.0,0.0
C100948,MX,mobile,False,11,low,16,True,1,0,6,8,1,0.0,0.0,79.99,79.99,1,0.0,0.0
C100949,ES,both,True,21,medium,15,True,1,0,3,13,2,0.0,0.0,99.97,33.32333333333333,3,0.0,0.0
C100950,UK,web,True,17,low,17,True,2,1,4,11,0,1.0,1.0,878.98,292.99333333333334,3,1.0,2.0
C100951,IN,mobile,True,6,low,20,True,5,0,4,17,2,0.0,0.0,102.96000000000001,25.740000000000002,4,0.0,0.0
C100952,US,mobile,True,47,medium,22,True,2,0,7,13,8,0.0,0.0,37.98,18.99,2,0.0,0.0
C100953,AU,web,False,24,low,22,True,2,0,10,17,0,0.0,0.0,274.98,137.49,2,0.0,0.0
C100954,US,mobile,False,18,low,24,True,0,0,7,12,1,0.0,0.0,239.98000000000002,119.99000000000001,2,0.0,0.0
C100955,UK,both,False,22,medium,19,True,1,0,4,13,2,0.0,0.0,469.93,67.13285714285715,7,0.0,0.0
C100956,US,web,False,25,low,15,True,4,0,3,15,1,0.0,0.0,119.97,39.99,3,0.0,1.0
C100957,US,both,False,37,medium,27,True,3,1,2,22,7,1.0,1.0,215.95000000000002,43.190000000000005,5,0.0,1.0
C100958,DE,web,True,34,medium,12,True,0,0,4,7,0,0.0,0.0,119.97999999999999,59.989999999999995,2,0.0,0.0
C100959,US,both,True,40,medium,19,True,2,1,4,14,2,1.0,1.0,129.97,43.32333333333333,3,1.0,2.0
C100960,US,mobile,True,60,high,15,True,1,0,0,13,4,0.0,0.0,1656.96,331.392,5,0.0,0.0
C100961,MX,both,True,37,medium,22,True,4,0,3,21,1,0.0,0.0,277.95000000000005,55.59000000000001,5,0.0,0.0
C100962,CA,web,True,36,medium,21,True,4,1,5,18,0,1.0,1.0,379.95000000000005,75.99000000000001,5,0.0,1.0
C100963,BR,mobile,True,21,medium,21,True,3,0,4,17,2,0.0,0.0,82.97,27.656666666666666,3,0.0,0.0
C100964,CA,both,True,33,medium,21,True,6,0,2,17,0,0.0,0.0,82.96000000000001,20.740000000000002,4,0.0,0.0
C100965,AU,web,False,13,low,19,True,2,0,3,16,1,0.0,0.0,155.97,51.99,3,0.0,0.0
C100966,US,mobile,True,11,low,29,True,3,0,8,20,3,0.0,0.0,918.98,306.32666666666665,3,0.0,0.0
C100967,ES,both,True,29,medium,16,True,2,0,5,15,1,0.0,0.0,219.97,73.32333333333334,3,0.0,0.0
C100968,US,both,False,28,medium,22,True,2,0,5,17,2,0.0,0.0,1221.98,407.32666666666665,3,0.0,0.0
C100969,US,mobile,False,16,low,24,True,1,0,10,15,1,0.0,0.0,39.99,39.99,1,0.0,0.0
C100970,IN,mobile,True,10,medium,15,True,3,1,4,14,1,0.0,0.0,1298.99,649.495,2,0.0,0.0
C100971,CA,mobile,True,11,low,23,True,2,0,7,17,4,0.0,0.0,12.99,12.99,1,0.0,0.0
C100972,IN,mobile,True,26,medium,24,True,5,0,3,18,1,0.0,0.0,199.96,49.99,4,0.0,0.0
C100973,DE,web,False,10,low,24,True,2,1,7,13,3,0.0,0.0,783.97,195.9925,4,0.0,0.0
C100974,IN,web,False,4,low,18,True,1,0,6,14,1,0.0,0.0,49.99,49.99,1,0.0,0.0
C100975,BR,web,False,16,low,21,True,3,1,6,18,3,0.0,0.0,99.98,49.99,2,0.0,0.0
C100976,UK,web,True,5,low,15,True,0,0,5,11,0,0.0,0.0,214.97000000000003,71.65666666666668,3,0.0,0.0
C100977,MX,web,False,19,medium,21,True,4,0,2,16,2,0.0,0.0,42.98,21.49,2,0.0,0.0
C100978,IN,mobile,True,7,medium,25,True,5,0,5,19,3,0.0,0.0,259.94,43.32333333333333,6,0.0,0.0
C100979,ES,both,True,16,low,20,True,2,0,4,12,1,0.0,0.0,52.980000000000004,26.490000000000002,2,0.0,0.0
C100980,FR,both,False,16,medium,14,True,0,0,5,9,0,0.0,0.0,32.98,16.49,2,0.0,0.0
C100981,US,both,False,22,low,19,True,0,0,4,17,0,0.0,0.0,423.99,211.995,2,0.0,0.0
C100982,UK,mobile,False,6,low,18,True,3,0,4,17,6,0.0,0.0,119.97999999999999,59.989999999999995,2,0.0,0.0
C100983,US,mobile,True,35,medium,18,True,3,1,3,16,1,1.0,1.0,786.97,196.7425,4,1.0,2.0
C100984,AU,web,True,12,medium,14,True,0,0,3,7,4,0.0,0.0,369.94000000000005,61.65666666666667,6,0.0,0.0
C100985,US,mobile,False,32,low,24,True,3,0,9,19,2,0.0,0.0,39.99,39.99,1,0.0,1.0
C100986,US,mobile,True,10,medium,19,True,3,1,5,13,3,0.0,0.0,234.97,78.32333333333334,3,0.0,0.0
C100987,US,mobile,True,20,medium,13,True,4,0,3,12,0,0.0,0.0,149.99,149.99,1,0.0,0.0
C100988,CA,mobile,False,34,medium,15,True,1,0,4,12,4,0.0,0.0,169.97,56.656666666666666,3,0.0,1.0
C100989,FR,mobile,False,27,low,22,True,4,0,5,15,0,0.0,0.0,112.97999999999999,56.489999999999995,2,0.0,0.0
C100990,US,both,False,34,medium,13,True,5,0,3,12,0,0.0,0.0,232.97000000000003,77.65666666666668,3,0.0,0.0
C100991,IN,mobile,False,9,low,25,True,3,0,3,22,2,0.0,0.0,159.98000000000002,79.99000000000001,2,0.0,0.0
C100992,US,mobile,True,38,medium,16,True,1,0,3,16,2,0.0,0.0,44.97,14.99,3,0.0,0.0
C100993,US,web,False,38,medium,18,True,3,0,4,12,1,0.0,0.0,42.97,14.323333333333332,3,0.0,0.0
C100994,DE,mobile,True,31,medium,12,True,1,0,3,4,1,0.0,0.0,9.99,9.99,1,0.0,0.0
C100995,IN,both,True,33,medium,10,True,0,0,3,8,1,0.0,0.0,42.97,14.323333333333332,3,0.0,0.0
C100996,ES,mobile,True,42,medium,16,True,2,0,6,11,2,0.0,0.0,189.95999999999998,47.489999999999995,4,0.0,0.0
C100997,IN,web,False,29,medium,24,True,4,1,4,19,4,1.0,1.0,852.9,85.28999999999999,10,0.0,1.0
C100998,CA,web,False,21,medium,16,True,1,0,3,12,2,0.0,0.0,74.98,37.49,2,0.0,0.0
C100999,US,mobile,True,53,medium,23,True,4,1,5,17,4,1.0,1.0,129.97,43.32333333333333,3,0.0,1.0
